time_x,datetime,Blue,Green,Red,NIR,visnirAlbedo,time_y,elevation,slope,aspect,hillshade,time_end
1369329350127,2013-05-23 17:15:50.127,0.9531850218772888,0.932889997959137,0.9027500152587892,0.7366225123405457,0.6570530769824983,1369094400000.0,988.3773803710938,6.0,220.0,192.0,1369094400000.0
1438437601169,2015-08-01 14:00:01.169,0.965560019016266,0.8906224966049194,0.858585000038147,0.6413900256156921,0.6263373765707017,1438387200000.0,452.0707702636719,15.0,299.0,220.0,1438387200000.0
1462543570641,2016-05-06 14:06:10.641,0.9857450127601624,0.9320650100708008,0.9193875193595886,0.7737200260162354,0.6845001335680485,1462320000000.0,455.8515625,7.0,248.0,202.0,1462320000000.0
1470232825391,2016-08-03 14:00:25.391,0.8894674777984619,0.819617509841919,0.7848849892616272,0.585070013999939,0.5949524538636211,1470096000000.0,451.340087890625,4.0,285.0,194.0,1470096000000.0
1365428202086,2013-04-08 13:36:42.086,0.94319885969162,0.9154419898986816,0.9157846570014954,0.852180540561676,0.7170685212612153,1365379200000.0,1122.399658203125,8.0,67.0,156.0,1365379200000.0
1366033370116,2013-04-15 13:42:50.116,0.9418355226516724,0.9270678758621216,0.9063603281974792,0.8316830992698669,0.7240102817356588,1366156800000.0,1128.8773193359375,5.0,76.0,165.0,1366156800000.0
1466257593826,2016-06-18 13:46:33.826,0.9830225110054016,0.9153724908828736,0.8842149972915649,0.6641049981117249,0.6333155064940452,1466121600000.0,1121.6634521484375,8.0,81.0,155.0,1466121600000.0
1428683322811,2015-04-10 16:28:42.811,0.938884973526001,0.8860024809837341,0.8570724725723267,0.7510049939155579,0.705335720819235,1428451200000.0,1823.7408447265625,23.0,232.0,235.0,1428624000000.0
1429199522353,2015-04-16 15:52:02.353,0.8089200258255005,0.6419399976730347,0.5688725113868713,0.431894987821579,0.6468209771960974,1428969600000.0,1826.13818359375,4.0,48.0,172.0,1428969600000.0
1371479696231,2013-06-17 14:34:56.231,0.4780528843402862,0.4977740943431854,0.5062492489814758,0.3898909389972687,0.355230104649067,1371600000000.0,82.43525695800781,1.0,286.0,183.0,1371600000000.0
1371651753866,2013-06-19 14:22:33.866,0.6600757837295532,0.6738319396972656,0.6786007881164551,0.6216513514518738,0.5313210254013541,1371600000000.0,82.43525695800781,1.0,286.0,183.0,1371600000000.0
1371823835280,2013-06-21 14:10:35.280,0.4923832416534424,0.5172698497772217,0.5274612903594971,0.4098226726055145,0.3611487306803466,1371600000000.0,82.43525695800781,1.0,286.0,183.0,1371600000000.0
1373378280579,2013-07-09 13:58:00.579,0.4976548850536346,0.520817220211029,0.5276363492012024,0.400372564792633,0.359063826444745,1373328000000.0,82.66145324707031,6.0,88.0,163.0,1373760000000.0
1373639310086,2013-07-12 14:28:30.086,0.217591717839241,0.2018502205610275,0.2066546976566314,0.099466748535633,0.2026889989726245,1373328000000.0,82.66145324707031,6.0,88.0,163.0,1373760000000.0
1366122221976,2013-04-16 14:23:41.976,0.9706780314445496,0.9504091143608092,0.9586755633354188,0.8834590315818787,0.7160426856279374,1366243200000.0,1896.792236328125,5.0,60.0,168.0,1366243200000.0
1403622223290,2014-06-24 15:03:43.290,0.9624249935150146,0.9373725056648254,0.917187511920929,0.8177474737167358,0.7153648574590685,1403568000000.0,2062.76123046875,6.0,347.0,184.0,1403568000000.0
1339423676355,2012-06-11 14:07:56.355,0.6584397554397583,0.6273283362388611,0.5847367644309998,0.4262272417545318,0.4862245922952889,1339372800000.0,238.5031890869141,9.0,162.0,171.0,1339372800000.0
1466690828979,2016-06-23 14:07:08.979,0.9470524787902832,0.8863325119018555,0.8299300074577332,0.5844374895095825,0.6093651147007944,1466640000000.0,239.9004821777344,4.0,217.0,188.0,1466640000000.0
1473602856044,2016-09-11 14:07:36.044,0.5511075258255005,0.5164849758148193,0.4852449893951416,0.3185675144195556,0.3992974182486534,1473379200000.0,237.4229736328125,13.0,190.0,188.0,1473379200000.0
1369774114602,2013-05-28 20:48:34.602,0.9712525010108948,0.937702476978302,0.928077518939972,0.8444225192070007,0.7267279759049416,1369699200000.0,2052.77978515625,12.0,173.0,176.0,1369699200000.0
1433091561123,2015-05-31 16:59:21.123,0.9617375135421752,0.9382249712944032,0.9278299808502196,0.841480016708374,0.7176784832954408,1433116800000.0,2045.1904296875,0.0,77.0,179.0,1433116800000.0
1461949931220,2016-04-29 17:12:11.220,0.9752399921417236,0.9438624978065492,0.9290400147438048,0.8423050045967102,0.7310387703597547,1462147200000.0,2050.003662109375,3.0,36.0,176.0,1462147200000.0
1462121991485,2016-05-01 16:59:51.485,0.9746900200843812,0.9391875267028807,0.9277750253677368,0.8424699902534485,0.7293138888478283,1462147200000.0,2050.003662109375,3.0,36.0,176.0,1462147200000.0
1345386436524,2012-08-19 14:27:16.524,0.609419584274292,0.5989193916320801,0.5650711059570312,0.3902569711208343,0.4292047174543144,1345248000000.0,710.4069213867188,4.0,181.0,180.0,1345248000000.0
1462371561279,2016-05-04 14:19:21.279,0.8060050010681152,0.7302424907684326,0.6800274848937988,0.5038350224494934,0.5775716001331807,1462320000000.0,710.8200073242188,11.0,331.0,197.0,1462320000000.0
1470493927508,2016-08-06 14:32:07.508,0.6094624996185303,0.5862525105476379,0.5669749975204468,0.4094825088977813,0.4330730109363794,1470355200000.0,709.5491943359375,7.0,12.0,175.0,1470355200000.0
1408036407570,2014-08-14 17:13:27.570,0.9379500150680542,0.9012374877929688,0.8834999799728394,0.7856000065803528,0.70002375690341,1407974400000.0,1687.1177978515625,2.0,55.0,175.0,1407974400000.0
1408208466320,2014-08-16 17:01:06.320,0.971939980983734,0.9349524974822998,0.9169399738311768,0.8115599751472473,0.7154396273612977,1407974400000.0,1687.1177978515625,2.0,55.0,175.0,1407974400000.0
1466203742758,2016-06-17 22:49:02.758,0.9670450091362,0.9287924766540528,0.9115775227546692,0.8087549805641174,0.714022416973114,1466208000000.0,1687.8619384765625,2.0,6.0,180.0,1466208000000.0
1458740377384,2016-03-23 13:39:37.384,0.8316900134086609,0.7735549807548523,0.7507849931716919,0.6787624955177307,0.6620920333266258,1458864000000.0,1392.8834228515625,10.0,21.0,169.0,1458864000000.0
1373645171593,2013-07-12 16:06:11.593,0.9834935665130616,0.944625973701477,0.9105910658836364,0.8331472277641296,0.7634602671802044,1373846400000.0,1458.800048828125,4.0,279.0,193.0,1373846400000.0
1400774299896,2014-05-22 15:58:19.896,0.954230010509491,0.924667477607727,0.9159225225448608,0.8194525241851807,0.7027380183160306,1400803200000.0,1460.3902587890625,2.0,72.0,174.0,1400803200000.0
1407686332785,2014-08-10 15:58:52.785,0.926289975643158,0.886139988899231,0.8511049747467041,0.7342575192451477,0.6915187772512437,1407801600000.0,1461.60595703125,5.0,340.0,185.0,1407801600000.0
1410018025710,2014-09-06 15:40:25.710,0.8192325234413147,0.5415099859237671,0.3913874924182892,0.2100525051355362,0.6966872725680471,1410048000000.0,1467.51513671875,3.0,227.0,187.0,1410048000000.0
1429893661706,2015-04-24 16:41:01.706,0.9360525012016296,0.8968924880027771,0.8897424936294556,0.8125500082969666,0.7082401262521745,1429920000000.0,1459.5059814453125,2.0,355.0,181.0,1429920000000.0
1343742967682,2012-07-31 13:56:07.682,0.3759831190109253,0.3162609934806824,0.271662175655365,0.1355701237916946,0.3292627699568868,1343779200000.0,1568.432861328125,55.0,44.0,78.0,1343779200000.0
1377525766885,2013-08-26 14:02:46.885,0.2922126054763794,0.2043244540691375,0.1575197875499725,0.035046350210905,0.292817695472762,1377648000000.0,1550.4014892578125,26.0,68.0,108.0,1377648000000.0
1466203742758,2016-06-17 22:49:02.758,0.9665774703025818,0.928517520427704,0.9115225076675416,0.8061975240707397,0.7112067158639432,1466208000000.0,1323.1026611328125,5.0,70.0,165.0,1466208000000.0
1333294607107,2012-04-01 15:36:47.107,0.9495915174484252,0.9090328216552734,0.9257050156593324,0.8586025834083557,0.7043884274899961,1332892800000.0,442.64251708984375,17.0,185.0,185.0,1333238400000.0
1409240935909,2014-08-28 15:48:55.909,0.924310028553009,0.8615549802780151,0.8330925107002258,0.6894875168800354,0.6622812922835353,1409184000000.0,443.6012573242188,3.0,67.0,173.0,1409184000000.0
1409413019051,2014-08-30 15:36:59.051,0.9094324707984924,0.8392800092697144,0.7988824844360352,0.6267325282096863,0.6384213651895525,1409184000000.0,443.6012573242188,3.0,67.0,173.0,1409184000000.0
1340544885058,2012-06-24 13:34:45.058,0.7283949255943298,0.7126445770263672,0.696661651134491,0.5343376994132996,0.5016401797175408,1340582400000.0,1544.3214111328125,2.0,56.0,174.0,1340582400000.0
1341927299524,2012-07-10 13:34:59.524,0.5488260984420776,0.5322940945625305,0.5165780782699585,0.4093235433101654,0.4357706740945578,1342137600000.0,1543.8173828125,2.0,131.0,175.0,1342137600000.0
1380462505149,2013-09-29 13:48:25.149,0.9743136167526244,0.9651352763175964,0.9725932478904724,0.902758538722992,0.7227952754199503,1380326400000.0,1543.9638671875,4.0,116.0,168.0,1380326400000.0
1372610249447,2013-06-30 16:37:29.447,0.993417501449585,0.9281600117683412,0.8924649953842163,0.7210299968719482,0.6884637159943581,1372809600000.0,1455.010498046875,3.0,342.0,183.0,1372809600000.0
1372873833701,2013-07-03 17:50:33.701,0.9458044171333312,0.9052767753601074,0.8667664527893066,0.7417740821838379,0.6999355350077154,1372809600000.0,1455.010498046875,3.0,342.0,183.0,1372809600000.0
1373045890413,2013-07-05 17:38:10.413,0.9599832892417908,0.9221492409706116,0.8762491345405579,0.7415744066238403,0.7067604126393794,1372809600000.0,1455.010498046875,3.0,342.0,183.0,1372809600000.0
1433091561123,2015-05-31 16:59:21.123,0.9110000133514404,0.8757175207138062,0.8597400188446045,0.7584850192070007,0.6777472758471965,1433030400000.0,1456.148681640625,2.0,315.0,186.0,1433030400000.0
1434390861520,2015-06-15 17:54:21.520,0.851022481918335,0.6935024857521057,0.6245599985122681,0.5037525296211243,0.6839363435447217,1434585600000.0,1442.7452392578125,4.0,331.0,187.0,1434153600000.0
1434473972240,2015-06-16 16:59:32.240,0.914437472820282,0.8807225227355957,0.8662024736404419,0.7893949747085571,0.700802257782221,1434499200000.0,1454.6983642578125,3.0,4.0,180.0,1434499200000.0
1460739589509,2016-04-15 16:59:49.509,0.903712511062622,0.8376849889755249,0.8203874826431274,0.7196549773216248,0.6782409593999386,1460678400000.0,1462.7783203125,1.0,348.0,181.0,1460678400000.0
1436016811362,2015-07-04 13:33:31.362,0.8999999761581421,0.8508849740028381,0.8119999766349792,0.5986825227737427,0.5908799358487129,1435881600000.0,1035.7838134765625,3.0,154.0,176.0,1435881600000.0
1466429629646,2016-06-20 13:33:49.646,0.9708675146102904,0.9190300107002258,0.8795675039291382,0.6595125198364258,0.631370977687836,1466553600000.0,1034.3359375,10.0,336.0,193.0,1466553600000.0
1468589271600,2016-07-15 13:27:51.600,0.3760150074958801,0.3705424964427948,0.3873175084590912,0.2822400033473968,0.2948021223396063,1468454400000.0,1035.474853515625,1.0,31.0,178.0,1468454400000.0
1339524181063,2012-06-12 18:03:01.063,0.8183763027191162,0.7990339398384094,0.7578760385513306,0.5699086785316467,0.5600021136224271,1339286400000.0,355.9552917480469,4.0,292.0,193.0,1339286400000.0
1369590380973,2013-05-26 17:46:20.973,0.955715000629425,0.8387575149536133,0.7747099995613098,0.6130650043487549,0.7051169388592242,1369353600000.0,357.0805053710937,3.0,339.0,184.0,1369353600000.0
1403978183742,2014-06-28 17:56:23.742,0.8676049709320068,0.7952799797058105,0.7102500200271606,0.4484775066375732,0.5708723269939422,1403740800000.0,357.0927734375,3.0,299.0,189.0,1403740800000.0
1463593432823,2016-05-18 17:43:52.823,0.8641949892044067,0.8348249793052673,0.8333125114440918,0.765607476234436,0.6641466635346411,1463788800000.0,359.073974609375,3.0,241.0,189.0,1463788800000.0
1466203766632,2016-06-17 22:49:26.632,0.9762575030326844,0.8912274837493896,0.8142824769020081,0.5143675208091736,0.6002104836344719,1466208000000.0,355.8417358398437,1.0,116.0,176.0,1466208000000.0
1466292739131,2016-06-18 23:32:19.131,0.9350075125694276,0.8614174723625183,0.7960500121116638,0.5148900151252747,0.5787053650259975,1466208000000.0,355.8417358398437,1.0,116.0,176.0,1466208000000.0
1466963417178,2016-06-26 17:50:17.178,0.969712495803833,0.8684574961662292,0.8004500269889832,0.5766549706459045,0.6591924685180188,1467072000000.0,358.6564025878906,3.0,203.0,184.0,1467072000000.0
1467135476657,2016-06-28 17:37:56.657,0.9709500074386596,0.8710700273513794,0.7530949711799622,0.4365150034427643,0.6211087843924759,1467072000000.0,358.6564025878906,3.0,203.0,184.0,1467072000000.0
1467847207810,2016-07-06 23:20:07.810,0.8873775005340576,0.820580005645752,0.7478424906730652,0.417154997587204,0.5086526981562378,1467849600000.0,354.5539855957031,2.0,171.0,179.0,1467849600000.0
1468001682807,2016-07-08 18:14:42.807,0.8401049971580505,0.7953900098800659,0.7444875240325928,0.5376874804496765,0.5687152950406076,1467849600000.0,354.5539855957031,2.0,171.0,179.0,1467849600000.0
1468191350213,2016-07-10 22:55:50.213,0.9173524975776672,0.845550000667572,0.7943724989891052,0.4969600141048431,0.5391275537043811,1468281600000.0,358.4428405761719,3.0,208.0,185.0,1468281600000.0
1468345825053,2016-07-12 17:50:25.053,0.8283625245094299,0.7671474814414978,0.7053549885749817,0.4628599882125854,0.5404171445906163,1468281600000.0,358.4428405761719,3.0,208.0,185.0,1468281600000.0
1468452381559,2016-07-13 23:26:21.559,0.9160324931144714,0.8458524942398071,0.8005049824714661,0.5116450190544128,0.5405287929892542,1468454400000.0,351.548583984375,1.0,181.0,180.0,1468454400000.0
1468517884155,2016-07-14 17:38:04.155,0.962672472000122,0.867330014705658,0.7700625061988831,0.4595324993133545,0.6016580060839654,1468454400000.0,351.548583984375,1.0,181.0,180.0,1468454400000.0
1468689943197,2016-07-16 17:25:43.197,0.8164824843406677,0.7526000142097473,0.6948775053024292,0.4544999897480011,0.5312216777175665,1468627200000.0,358.04412841796875,3.0,219.0,187.0,1468627200000.0
1468778915399,2016-07-17 18:08:35.399,0.8538550138473511,0.7953624725341797,0.7375574707984924,0.462612509727478,0.5232285101175309,1468627200000.0,358.04412841796875,3.0,219.0,187.0,1468627200000.0
1469295115964,2016-07-23 17:31:55.964,0.8758274912834167,0.8153824806213379,0.748199999332428,0.4754824936389923,0.5483476556032898,1469232000000.0,356.2062072753906,5.0,203.0,187.0,1469232000000.0
1469728229410,2016-07-28 17:50:29.410,0.8305075168609619,0.7852975130081177,0.716575026512146,0.4512825012207031,0.5255262332439423,1469664000000.0,354.63458251953125,3.0,188.0,181.0,1469664000000.0
1469900288097,2016-07-30 17:38:08.097,0.9273625016212464,0.8513525128364563,0.791100025177002,0.5055950284004211,0.5653446125745774,1469836800000.0,355.29888916015625,5.0,168.0,177.0,1469836800000.0
1470006844352,2016-07-31 23:14:04.352,0.7536724805831909,0.6834650039672852,0.6306099891662598,0.3943850100040436,0.4906472852498294,1469836800000.0,355.29888916015625,5.0,168.0,177.0,1469836800000.0
1408036407570,2014-08-14 17:13:27.570,0.984672486782074,0.9513700008392334,0.9411674737930298,0.8428000211715698,0.7224530263960365,1407974400000.0,1703.48486328125,4.0,113.0,168.0,1407974400000.0
1408208466320,2014-08-16 17:01:06.320,0.972379982471466,0.935997486114502,0.9212024807929992,0.8197824954986572,0.7163063563644887,1407974400000.0,1703.48486328125,4.0,113.0,168.0,1407974400000.0
1466203742758,2016-06-17 22:49:02.758,0.9613249897956848,0.920597493648529,0.9040424823760986,0.802732527256012,0.7113814576625823,1466208000000.0,1704.02978515625,2.0,91.0,173.0,1466208000000.0
1434729260840,2015-06-19 15:54:20.840,0.9065449833869934,0.7515550255775452,0.4590649902820587,0.2099975049495697,0.808600367692113,1434931200000.0,500.0991516113281,6.0,122.0,163.0,1434931200000.0
1467906896399,2016-07-07 15:54:56.399,0.9159225225448608,0.842882513999939,0.7341474890708923,0.3864650130271911,0.5455038607180118,1467763200000.0,504.271240234375,3.0,269.0,188.0,1467763200000.0
1470671704141,2016-08-08 15:55:04.141,0.9227700233459472,0.8198649883270264,0.7704474925994873,0.5098850131034851,0.5782529103934765,1470700800000.0,500.6810302734375,5.0,180.0,180.0,1470700800000.0
1470843762544,2016-08-10 15:42:42.544,0.9438624978065492,0.8559725284576416,0.7705299854278564,0.4910475015640259,0.6061262440621852,1470700800000.0,500.6810302734375,5.0,180.0,180.0,1470700800000.0
1400774299896,2014-05-22 15:58:19.896,0.9743599891662598,0.9471349716186525,0.9363549947738647,0.8460450172424316,0.7229951936721801,1400976000000.0,2071.228271484375,8.0,89.0,155.0,1400976000000.0
1365600259896,2013-04-10 13:24:19.896,0.4628439247608185,0.3644339740276336,0.3037282526493072,0.1874791234731674,0.4228385111168027,1365724800000.0,3072.68701171875,21.0,125.0,128.0,1365724800000.0
1332855610461,2012-03-27 13:40:10.461,0.9571051001548768,0.933626115322113,0.9444077610969543,0.8901140093803406,0.7244475157499315,1332892800000.0,1714.218994140625,39.0,14.0,153.0,1332460800000.0
1370886274086,2013-06-10 17:44:34.086,0.9999144077301024,0.984213650226593,0.9822801947593688,0.9204275608062744,0.7560566685795784,1370908800000.0,1271.5526123046875,1.0,275.0,184.0,1370908800000.0
1370975245754,2013-06-11 18:27:25.754,0.8218300938606262,0.7604597806930542,0.7481599450111389,0.6474394202232361,0.6201783838033676,1370908800000.0,1271.5526123046875,1.0,275.0,184.0,1370908800000.0
1373734143229,2013-07-13 16:49:03.229,0.6798595190048218,0.5508955121040344,0.4838992953300476,0.3399119079113006,0.5470437281817198,1373846400000.0,1273.3402099609375,3.0,151.0,176.0,1373846400000.0
1373740028559,2013-07-13 18:27:08.559,0.780899167060852,0.7434681057929993,0.732345700263977,0.637989342212677,0.5957223087847234,1373846400000.0,1273.3402099609375,3.0,151.0,176.0,1373846400000.0
1403539112980,2014-06-23 15:58:32.980,0.9380599856376648,0.9061049818992616,0.8910899758338928,0.8231099843978882,0.7244006905734541,1403568000000.0,1272.421630859375,2.0,66.0,173.0,1403568000000.0
1406303923297,2014-07-25 15:58:43.297,0.9152625203132628,0.8730224967002869,0.8324875235557556,0.7005425095558167,0.6758993982315065,1406505600000.0,1268.69921875,8.0,19.0,172.0,1406505600000.0
1407081159028,2014-08-03 15:52:39.028,0.955852508544922,0.8002575039863586,0.6851149797439575,0.4523274898529053,0.6917203561663627,1407196800000.0,1270.5914306640625,3.0,151.0,176.0,1407196800000.0
1407686332785,2014-08-10 15:58:52.785,0.9073699712753296,0.8647174835205078,0.835319995880127,0.7381349802017212,0.6923517222881319,1407628800000.0,1268.6776123046875,5.0,296.0,194.0,1407628800000.0
1408991509895,2014-08-25 18:31:49.895,0.9832975268363952,0.8019350171089172,0.729170024394989,0.5360375046730042,0.7095466591954234,1409011200000.0,1270.81982421875,3.0,22.0,176.0,1409011200000.0
1409068710926,2014-08-26 15:58:30.926,0.9516724944114684,0.9027774930000304,0.8853700160980225,0.7844175100326538,0.7071877951800825,1409011200000.0,1270.81982421875,3.0,22.0,176.0,1409011200000.0
1429893661706,2015-04-24 16:41:01.706,0.9118250012397766,0.8656799793243408,0.8532775044441223,0.7793024778366089,0.7011673905313016,1429920000000.0,1266.839111328125,4.0,104.0,167.0,1429920000000.0
1277921219830,2010-06-30 18:06:59.830,0.7770515084266663,0.7541996836662292,0.7228338718414307,0.5644848942756653,0.5517371291637423,1278028800000.0,569.30224609375,2.0,238.0,186.0,1278028800000.0
1278093278513,2010-07-02 17:54:38.513,0.6779508590698242,0.6650081872940063,0.624068021774292,0.4616984128952026,0.4917090536236763,1278028800000.0,569.30224609375,2.0,238.0,186.0,1278028800000.0
1341683827385,2012-07-07 17:57:07.385,0.6510473489761353,0.6268513798713684,0.6173571944236755,0.4790679514408111,0.4685963363319636,1341878400000.0,563.6102905273438,3.0,250.0,190.0,1341878400000.0
1341855887583,2012-07-09 17:44:47.583,0.6600454449653625,0.6189219355583191,0.5963202118873596,0.4221344292163849,0.4556163209170102,1341878400000.0,563.6102905273438,3.0,250.0,190.0,1341878400000.0
1341944860326,2012-07-10 18:27:40.326,0.7074295878410339,0.701137900352478,0.6615902781486511,0.5113779902458191,0.5198376398921014,1341878400000.0,563.6102905273438,3.0,250.0,190.0,1341878400000.0
1366033250739,2013-04-15 13:40:50.739,0.8528842926025391,0.8397544026374817,0.7998040914535522,0.6080418229103088,0.5770140648543836,1365897600000.0,819.1683349609375,6.0,32.0,171.0,1365897600000.0
1366122221976,2013-04-16 14:23:41.976,0.9979451298713684,0.979116141796112,0.9889034628868104,0.9426552653312684,0.7585914667248725,1366329600000.0,2219.533203125,7.0,172.0,177.0,1366329600000.0
1399214014055,2014-05-04 14:33:34.055,0.9583550095558168,0.9373999834060668,0.9320099949836732,0.8456875085830688,0.7106052311599256,1398988800000.0,2221.780517578125,4.0,234.0,190.0,1398988800000.0
1278686798751,2010-07-09 14:46:38.751,0.8897857069969177,0.8605915904045105,0.8438037633895874,0.6935253143310547,0.6192557311594489,1278806400000.0,1106.0079345703125,4.0,278.0,193.0,1278806400000.0
1469977608475,2016-07-31 15:06:48.475,0.6196100115776062,0.6068775057792664,0.6018999814987183,0.4707799851894378,0.4493542064338924,1470182400000.0,1088.654052734375,4.0,269.0,194.0,1470182400000.0
1470149667106,2016-08-02 14:54:27.106,0.1869249939918518,0.1137199997901916,0.0902900025248527,0.0371600016951561,0.2649218506716192,1470182400000.0,1088.654052734375,4.0,269.0,194.0,1470182400000.0
1398187514306,2014-04-22 17:25:14.306,0.9444400072097778,0.8972225189208984,0.8865799903869629,0.8027049899101257,0.7116939662277699,1398211200000.0,712.9859619140625,4.0,165.0,177.0,1398211200000.0
1438366070705,2015-07-31 18:07:50.705,0.983709990978241,0.8981299996376038,0.8222025036811829,0.5600175261497498,0.6386553247451785,1438300800000.0,708.0610961914062,1.0,152.0,179.0,1438300800000.0
1438538129223,2015-08-02 17:55:29.223,0.9937750101089478,0.8916674852371216,0.8434324860572815,0.6175199747085571,0.6546553712368013,1438473600000.0,708.4098510742188,2.0,292.0,186.0,1438473600000.0
1438538153093,2015-08-02 17:55:53.093,0.7810075283050537,0.7406924962997437,0.7112950086593628,0.5484949946403503,0.5503994194686415,1438473600000.0,708.4098510742188,2.0,292.0,186.0,1438473600000.0
1439315385619,2015-08-11 17:49:45.619,0.9086350202560424,0.8379049897193909,0.7966824769973755,0.5979675054550171,0.6144396335959432,1439251200000.0,706.4488525390625,4.0,296.0,192.0,1439251200000.0
1439404358095,2015-08-12 18:32:38.095,0.8864700198173523,0.8316349983215332,0.7961050271987915,0.5811924934387207,0.5782311009824277,1439424000000.0,707.6377563476562,2.0,250.0,186.0,1439424000000.0
1439576417596,2015-08-14 18:20:17.596,0.8772850036621094,0.8087825179100037,0.7609599828720093,0.565214991569519,0.6027293475389484,1439683200000.0,710.9562377929688,2.0,192.0,182.0,1439683200000.0
1441302964733,2015-09-03 17:56:04.733,0.9192774891853333,0.8766800165176392,0.8638924956321716,0.7635999917984009,0.6818680064141751,1441324800000.0,711.5169677734375,1.0,264.0,182.0,1441324800000.0
1465770653099,2016-06-12 22:30:53.099,0.9747999906539916,0.9312949776649476,0.911632478237152,0.7432224750518799,0.6619141412496568,1465862400000.0,705.896728515625,3.0,8.0,179.0,1465862400000.0
1467829599649,2016-07-06 18:26:39.649,0.941195011138916,0.8060324788093567,0.660337507724762,0.341447502374649,0.6293766180545092,1468022400000.0,711.240966796875,6.0,76.0,163.0,1468022400000.0
1467841322545,2016-07-06 21:42:02.545,0.8849024772644043,0.7408850193023682,0.6058325171470642,0.3136174976825714,0.6085696826964618,1468022400000.0,711.240966796875,6.0,76.0,163.0,1468022400000.0
1468013381841,2016-07-08 21:29:41.841,0.9778525233268738,0.8152449727058411,0.5577899813652039,0.0982099995017051,0.6307082016967238,1468022400000.0,711.240966796875,6.0,76.0,163.0,1468022400000.0
1468013405711,2016-07-08 21:30:05.711,0.9858825206756592,0.8265475034713745,0.6246150135993958,0.207467496395111,0.6230770637452603,1468022400000.0,711.240966796875,6.0,76.0,163.0,1468022400000.0
1468102354082,2016-07-09 22:12:34.082,0.913777470588684,0.772427499294281,0.6215900182723999,0.3126274943351745,0.6261856393039226,1468022400000.0,706.8915405273438,1.0,12.0,179.0,1468022400000.0
1468102377960,2016-07-09 22:12:57.960,0.8392800092697144,0.720425009727478,0.583667516708374,0.271432489156723,0.5594738625496627,1468022400000.0,706.8915405273438,1.0,12.0,179.0,1468022400000.0
1468173718157,2016-07-10 18:01:58.157,0.906297504901886,0.797617495059967,0.718720018863678,0.428787499666214,0.5686180677622557,1468281600000.0,708.2476806640625,3.0,26.0,176.0,1468281600000.0
1468274437159,2016-07-11 22:00:37.159,0.915565013885498,0.8129349946975708,0.7450649738311768,0.4738599956035614,0.5808651738375425,1468281600000.0,708.2476806640625,3.0,26.0,176.0,1468281600000.0
1468345801184,2016-07-12 17:50:01.184,0.9911900162696838,0.8621875047683716,0.7792750000953674,0.5145050287246704,0.6525288073241711,1468281600000.0,705.3547973632812,3.0,30.0,175.0,1468281600000.0
1468434749554,2016-07-13 18:32:29.554,0.9088000059127808,0.8207449913024902,0.76197749376297,0.5128275156021118,0.5865960229396819,1468454400000.0,705.784912109375,3.0,59.0,172.0,1468454400000.0
1468434773424,2016-07-13 18:32:53.424,0.8432949781417847,0.7739675045013428,0.7433325052261353,0.5013599991798401,0.5227114496648311,1468454400000.0,705.784912109375,3.0,59.0,172.0,1468454400000.0
1468446496299,2016-07-13 21:48:16.299,0.9717475175857544,0.865542471408844,0.7923924922943115,0.5285850167274475,0.6292284004509451,1468454400000.0,705.784912109375,3.0,59.0,172.0,1468454400000.0
1468517860281,2016-07-14 17:37:40.281,0.9680625200271606,0.8378775119781494,0.7758650183677673,0.520389974117279,0.6269215272486212,1468454400000.0,708.1627807617188,5.0,321.0,190.0,1468454400000.0
1468535468484,2016-07-14 22:31:08.484,0.8238800168037415,0.7500699758529663,0.6881675124168396,0.4733650088310241,0.5643830430030823,1468454400000.0,708.1627807617188,5.0,321.0,190.0,1468454400000.0
1468606832508,2016-07-15 18:20:32.508,0.8956825137138367,0.8200024962425232,0.7730324864387512,0.5568000078201294,0.595917681211233,1468627200000.0,705.7761840820312,1.0,135.0,179.0,1468627200000.0
1468618555396,2016-07-15 21:35:55.396,0.7070050239562988,0.6286025047302246,0.5498974919319153,0.3749150037765503,0.5412848868250846,1468627200000.0,705.7761840820312,1.0,135.0,179.0,1468627200000.0
1468618579266,2016-07-15 21:36:19.266,0.8948850035667419,0.7654975056648254,0.6841250061988831,0.43156498670578,0.6000655962467196,1468627200000.0,705.7761840820312,1.0,135.0,179.0,1468627200000.0
1468689919319,2016-07-16 17:25:19.319,0.8965075016021729,0.7942349910736084,0.7270525097846985,0.5061450004577637,0.6138679736852646,1468713600000.0,706.0267333984375,1.0,192.0,181.0,1468713600000.0
1468707527530,2016-07-16 22:18:47.530,0.9727100133895874,0.8527550101280212,0.7951149940490723,0.5455524921417236,0.6301292093753814,1468713600000.0,706.0267333984375,1.0,192.0,181.0,1468713600000.0
1468778891530,2016-07-17 18:08:11.530,0.9256575107574464,0.8431299924850464,0.7808974981307983,0.5330399870872498,0.6012425264775754,1468713600000.0,706.0267333984375,1.0,192.0,181.0,1468713600000.0
1468790638299,2016-07-17 21:23:58.299,0.9490050077438354,0.8489050269126892,0.7882400155067444,0.5399975180625916,0.6165403529345992,1468713600000.0,706.0267333984375,1.0,192.0,181.0,1468713600000.0
1468879610408,2016-07-18 22:06:50.408,0.8495374917984009,0.7645900249481201,0.6952074766159058,0.4478175044059753,0.5593424414455892,1468886400000.0,706.3321533203125,7.0,355.0,182.0,1468886400000.0
1468950950491,2016-07-19 17:55:50.491,0.7876350283622742,0.6950975060462952,0.577507495880127,0.2971175014972687,0.5345165021508933,1468886400000.0,706.3321533203125,7.0,355.0,182.0,1468886400000.0
1468950974370,2016-07-19 17:56:14.370,0.8415899872779846,0.743910014629364,0.6614099740982056,0.3820925056934356,0.5385690152138471,1468886400000.0,706.3321533203125,7.0,355.0,182.0,1468886400000.0
1469123033255,2016-07-21 17:43:53.255,0.9299749732017516,0.8215699791908264,0.7413524985313416,0.4381099939346313,0.572938318437338,1469059200000.0,706.484130859375,8.0,169.0,176.0,1469059200000.0
1469140641437,2016-07-21 22:37:21.437,0.8600975275039673,0.7882400155067444,0.7174825072288513,0.4464150071144104,0.5442910109341147,1469059200000.0,706.484130859375,8.0,169.0,176.0,1469059200000.0
1469312700280,2016-07-23 22:25:00.280,0.8477500081062317,0.7557075023651123,0.6918799877166748,0.4493300020694732,0.5582948720425367,1469232000000.0,705.2669677734375,3.0,220.0,187.0,1469232000000.0
1469384064191,2016-07-24 18:14:24.191,0.868815004825592,0.7419024705886841,0.6439474821090698,0.3624024987220764,0.5717321018338205,1469232000000.0,705.2669677734375,3.0,220.0,187.0,1469232000000.0
1469728205540,2016-07-28 17:50:05.540,0.9271699786186218,0.8188199996948242,0.7196274995803833,0.4408600032329559,0.6110171282202006,1469750400000.0,703.8599243164062,2.0,322.0,185.0,1469750400000.0
1469745813688,2016-07-28 22:43:33.688,0.8793200254440308,0.786424994468689,0.7419300079345703,0.5090875029563904,0.5698306387484073,1469750400000.0,703.8599243164062,2.0,322.0,185.0,1469750400000.0
1469817153695,2016-07-29 18:32:33.695,0.9056649804115297,0.8159325122833252,0.7642599940299988,0.5415650010108948,0.6024046484351162,1469836800000.0,697.8619995117188,5.0,177.0,180.0,1469836800000.0
1469817177564,2016-07-29 18:32:57.564,0.8848475217819214,0.8060874938964844,0.7621974945068359,0.5440675020217896,0.5846869375705721,1469836800000.0,697.8619995117188,5.0,177.0,180.0,1469836800000.0
1469828900418,2016-07-29 21:48:20.418,0.9716100096702576,0.8842149972915649,0.8346874713897705,0.5840250253677368,0.6172085334360597,1469836800000.0,697.8619995117188,5.0,177.0,180.0,1469836800000.0
1469917872387,2016-07-30 22:31:12.387,0.7954174876213074,0.7491899728775024,0.707830011844635,0.5407400131225586,0.5675079996287824,1469836800000.0,697.8619995117188,5.0,177.0,180.0,1469836800000.0
1469989236247,2016-07-31 18:20:36.247,0.8763225078582764,0.803309977054596,0.7687425017356873,0.556689977645874,0.5754728020310405,1469836800000.0,697.8619995117188,5.0,177.0,180.0,1469836800000.0
1470000959109,2016-07-31 21:35:59.109,0.8023200035095215,0.725677490234375,0.6782125234603882,0.4993525147438049,0.5703119938910011,1469836800000.0,697.8619995117188,5.0,177.0,180.0,1469836800000.0
1470000982979,2016-07-31 21:36:22.979,0.9029424786567688,0.8156574964523315,0.7865625023841858,0.5803400278091431,0.5945883706986907,1469836800000.0,697.8619995117188,5.0,177.0,180.0,1469836800000.0
1471383386651,2016-08-16 21:36:26.651,0.7853249907493591,0.6359724998474121,0.5849050283432007,0.4538399875164032,0.6146565963417293,1471305600000.0,707.0928344726562,5.0,173.0,178.0,1471305600000.0
1314107184981,2011-08-23 13:46:24.981,0.974192440509796,0.9321653842926024,0.886811375617981,0.7533205151557922,0.7170021741747858,1314144000000.0,2191.6435546875,21.0,311.0,230.0,1314144000000.0
1371479720101,2013-06-17 14:35:20.101,0.8447344303131104,0.8186489343643188,0.7486559152603149,0.5237895250320435,0.5706829329133035,1371600000000.0,1376.6148681640625,6.0,328.0,190.0,1371600000000.0
1371651777735,2013-06-19 14:22:57.735,0.97979736328125,0.9348483085632324,0.8826389908790588,0.7106286883354187,0.6920607022464278,1371600000000.0,1368.125,9.0,91.0,152.0,1371772800000.0
1372084863980,2013-06-24 14:41:03.980,0.8285560011863708,0.8018062710762024,0.7411864995956421,0.560092568397522,0.591678454345465,1372118400000.0,1369.705810546875,2.0,111.0,175.0,1372118400000.0
1372084887849,2013-06-24 14:41:27.849,0.8193457722663879,0.7938768267631531,0.7347674369812012,0.5359349250793457,0.5679626594483853,1372118400000.0,1369.705810546875,2.0,111.0,175.0,1372118400000.0
1372256944993,2013-06-26 14:29:04.993,0.9426535367965698,0.8952010273933411,0.8175148367881775,0.5675461888313293,0.6205613714992999,1372118400000.0,1369.705810546875,2.0,111.0,175.0,1372118400000.0
1343054635019,2012-07-23 14:43:55.019,0.5731241106987,0.5462451577186584,0.5176868438720703,0.38466677069664,0.4409496362835169,1343174400000.0,1049.04296875,3.0,189.0,182.0,1343174400000.0
1405176905379,2014-07-12 14:55:05.379,0.4693500101566314,0.4544450044631958,0.4388250112533569,0.3085024952888489,0.3630273825973273,1405296000000.0,1043.9381103515625,3.0,294.0,188.0,1405036800000.0
1405348964070,2014-07-14 14:42:44.070,0.566617488861084,0.5163475275039673,0.5024325251579285,0.364300012588501,0.4212201033115387,1405382400000.0,1050.8115234375,2.0,23.0,178.0,1405382400000.0
1436972086549,2015-07-15 14:54:46.549,0.688414990901947,0.6224150061607361,0.6014325022697449,0.4153124988079071,0.4643842545539141,1436832000000.0,1049.703369140625,3.0,229.0,188.0,1436832000000.0
1376143140302,2013-08-10 13:59:00.302,0.851460337638855,0.8643476366996765,0.8632651567459106,0.7781103849411011,0.6347387198567394,1376006400000.0,1938.010986328125,6.0,45.0,167.0,1376006400000.0
1346507742569,2012-09-01 13:55:42.569,0.8247991800308228,0.8242532014846802,0.8100745677947998,0.6589525938034058,0.5707997376680376,1346457600000.0,601.965576171875,10.0,162.0,170.0,1346457600000.0
1407431210816,2014-08-07 17:06:50.816,0.9472175240516664,0.9190850257873536,0.907260000705719,0.8258050084114075,0.7146164157986643,1407456000000.0,2108.22265625,3.0,197.0,183.0,1407456000000.0
1407775352746,2014-08-11 16:42:32.746,0.9707300066947936,0.9330000281333924,0.9232100248336792,0.831992506980896,0.7201035988509654,1407801600000.0,2103.527587890625,6.0,188.0,183.0,1407801600000.0
1408036383696,2014-08-14 17:13:03.696,0.9765049815177916,0.94268000125885,0.9299749732017516,0.8337249755859375,0.7214796388804914,1407801600000.0,2104.3916015625,5.0,317.0,191.0,1407801600000.0
1403100186514,2014-06-18 14:03:06.514,0.983407497406006,0.9164999723434448,0.8621875047683716,0.6616299748420715,0.6727347326338291,1402876800000.0,1380.43310546875,6.0,191.0,184.0,1402876800000.0
1466690590086,2016-06-23 14:03:10.086,0.9990000128746032,0.9442474842071532,0.903932511806488,0.6646550297737122,0.6330963655471802,1466726400000.0,1377.908935546875,5.0,205.0,187.0,1466726400000.0
1466862673582,2016-06-25 13:51:13.582,0.985937476158142,0.9366024732589722,0.900439977645874,0.6732624769210815,0.6312668837070463,1466726400000.0,1377.908935546875,5.0,205.0,187.0,1466726400000.0
1468245057804,2016-07-11 13:50:57.804,0.667680025100708,0.56683748960495,0.3057250082492828,0.0006125000072643,0.567802044277254,1468281600000.0,1380.7789306640625,16.0,46.0,144.0,1468281600000.0
1468245081703,2016-07-11 13:51:21.703,0.6546725034713745,0.5519599914550781,0.2986850142478943,0.0051500000990927,0.5629601648858283,1468281600000.0,1380.7789306640625,16.0,46.0,144.0,1468281600000.0
1469455403660,2016-07-25 14:03:23.660,0.6695774793624878,0.6039075255393982,0.4698174893856048,0.1923425048589706,0.4730354634150863,1469491200000.0,1379.4693603515625,6.0,24.0,172.0,1469491200000.0
1469627462410,2016-07-27 13:51:02.410,0.7638750076293945,0.6852800250053406,0.5932375192642212,0.3048174977302551,0.4866408198058607,1469318400000.0,1373.02783203125,30.0,331.0,224.0,1470096000000.0
1469627486309,2016-07-27 13:51:26.309,0.7277125120162964,0.6472474932670593,0.5271549820899963,0.2469574958086013,0.4968912222698332,1469318400000.0,1373.02783203125,30.0,331.0,224.0,1470096000000.0
1470837805522,2016-08-10 14:03:25.522,0.9350625276565552,0.8630124926567078,0.7976999878883362,0.5084275007247925,0.5710956105113032,1470873600000.0,1378.222412109375,1.0,17.0,180.0,1470873600000.0
1471009864420,2016-08-12 13:51:04.420,0.9645425081253052,0.8867174983024597,0.8322675228118896,0.5378525257110596,0.5760803683996201,1471132800000.0,1379.138671875,4.0,48.0,172.0,1471132800000.0
1471009888324,2016-08-12 13:51:28.324,0.938664972782135,0.8717300295829773,0.8198649883270264,0.5252025127410889,0.5554981010854245,1471132800000.0,1379.138671875,4.0,48.0,172.0,1471132800000.0
1471442979574,2016-08-17 14:09:39.574,0.9042624831199646,0.8358700275421143,0.7870299816131592,0.5341675281524658,0.5688603809773924,1471305600000.0,1381.226806640625,3.0,6.0,179.0,1471305600000.0
1465403089850,2016-06-08 16:24:49.850,0.8598499894142151,0.6851974725723267,0.604622483253479,0.4345900118350982,0.6573189628571271,1465344000000.0,752.219970703125,1.0,217.0,182.0,1465344000000.0
1371307638490,2013-06-15 14:47:18.490,0.8523692488670349,0.8183806538581848,0.8028677105903625,0.7213432192802429,0.6573154317855836,1371254400000.0,1744.251953125,2.0,244.0,186.0,1371254400000.0
1404144262756,2014-06-30 16:04:22.756,0.8719775080680847,0.8316075205802917,0.8024299740791321,0.5610625147819519,0.5371557284355164,1404345600000.0,670.9310302734375,5.0,56.0,167.0,1404345600000.0
1404156009733,2014-06-30 19:20:09.733,0.7322499752044678,0.7038699984550476,0.6773325204849243,0.4774074852466583,0.4809298405081036,1404345600000.0,670.9310302734375,5.0,56.0,167.0,1404345600000.0
1404405295210,2014-07-03 16:34:55.210,0.6244224905967712,0.5638675093650818,0.5106825232505798,0.3362224996089935,0.4627873903423547,1404345600000.0,670.9310302734375,5.0,56.0,167.0,1404345600000.0
1404417042128,2014-07-03 19:50:42.128,0.730572521686554,0.7043924927711487,0.6924024820327759,0.5157424807548523,0.487441627061367,1404345600000.0,670.9310302734375,5.0,56.0,167.0,1404345600000.0
1404488406163,2014-07-04 15:40:06.163,0.6936950087547302,0.672492504119873,0.6567350029945374,0.4965474903583526,0.4815779284209014,1404345600000.0,670.9310302734375,5.0,56.0,167.0,1404345600000.0
1404577378677,2014-07-05 16:22:58.677,0.8348525166511536,0.7776250243186951,0.7601624727249146,0.5772600173950195,0.5577337096154691,1404345600000.0,670.9310302734375,5.0,56.0,167.0,1404345600000.0
1406737015878,2014-07-30 16:16:55.878,0.7446799874305725,0.717537522315979,0.7081599831581116,0.5495949983596802,0.5108068269431592,1406937600000.0,676.3284301757812,4.0,325.0,188.0,1406937600000.0
1406748738956,2014-07-30 19:32:18.956,0.9400399923324584,0.9144650101661682,0.8856449723243713,0.6512349843978882,0.5854957994818688,1406937600000.0,676.3284301757812,4.0,325.0,188.0,1406937600000.0
1406909075598,2014-08-01 16:04:35.598,0.77531498670578,0.7558174729347229,0.716795027256012,0.404339998960495,0.4163697699576618,1406937600000.0,676.3284301757812,4.0,325.0,188.0,1406937600000.0
1407009771156,2014-08-02 20:02:51.156,0.6258800029754639,0.5940625071525574,0.5700550079345703,0.329182505607605,0.3727826293468474,1406937600000.0,676.3284301757812,4.0,325.0,188.0,1406937600000.0
1407009795030,2014-08-02 20:03:15.030,0.5754724740982056,0.5582025051116943,0.5319399833679199,0.3275874853134155,0.374018485069275,1406937600000.0,676.3284301757812,4.0,325.0,188.0,1406937600000.0
1407081135149,2014-08-03 15:52:15.149,0.5426924824714661,0.530757486820221,0.5070250034332275,0.329925000667572,0.3748077065587044,1406937600000.0,676.3284301757812,4.0,325.0,188.0,1406937600000.0
1407081159028,2014-08-03 15:52:39.028,0.6015974879264832,0.5765175223350525,0.5415924787521362,0.3449124991893768,0.4068097066909074,1406937600000.0,676.3284301757812,4.0,325.0,188.0,1406937600000.0
1407181854501,2014-08-04 19:50:54.501,0.6492549777030945,0.6369624733924866,0.608555018901825,0.3743374943733215,0.3958119873881341,1406937600000.0,676.3284301757812,4.0,325.0,188.0,1406937600000.0
1409845966727,2014-09-04 15:52:46.727,0.9164999723434448,0.7477049827575684,0.6741424798965454,0.5331224799156189,0.7133278468430042,1409875200000.0,666.0531005859375,2.0,51.0,175.0,1409875200000.0
1437665993338,2015-07-23 15:39:53.338,0.6525275111198425,0.6179875135421753,0.5928800106048584,0.4423725008964538,0.4739724152445793,1437609600000.0,667.7955932617188,4.0,309.0,190.0,1437609600000.0
1461427818863,2016-04-23 16:10:18.863,0.8183799982070923,0.6302800178527832,0.5424175262451172,0.3939724862575531,0.6585159155339001,1461283200000.0,668.1112060546875,4.0,49.0,170.0,1461283200000.0
1467129495718,2016-06-28 15:58:15.718,0.7244399785995483,0.67774498462677,0.6438925266265869,0.4377250075340271,0.4790149087488651,1467331200000.0,668.804931640625,3.0,205.0,184.0,1467331200000.0
1467141242661,2016-06-28 19:14:02.661,0.7177025079727173,0.6906424760818481,0.661080002784729,0.4634099900722503,0.4762303432673216,1467331200000.0,668.804931640625,3.0,205.0,184.0,1467331200000.0
1467218468195,2016-06-29 16:41:08.195,0.7184450030326843,0.6845924854278564,0.6711174845695496,0.4810099899768829,0.4695508917063475,1467331200000.0,668.804931640625,3.0,205.0,184.0,1467331200000.0
1467230215080,2016-06-29 19:56:55.080,0.7599700093269348,0.7043099999427795,0.6782950162887573,0.4691849946975708,0.4930787377655508,1467331200000.0,668.804931640625,3.0,205.0,184.0,1467331200000.0
1467301555167,2016-06-30 15:45:55.167,0.8304799795150757,0.774792492389679,0.741985023021698,0.5050449967384338,0.5194791219770909,1467331200000.0,668.804931640625,3.0,205.0,184.0,1467331200000.0
1467301579036,2016-06-30 15:46:19.036,0.8103225231170654,0.7503175139427185,0.7207549810409546,0.4942375123500824,0.5134779994934796,1467331200000.0,668.804931640625,3.0,205.0,184.0,1467331200000.0
1467390527627,2016-07-01 16:28:47.627,0.6777175068855286,0.6353675127029419,0.5972524881362915,0.3559949994087219,0.4201627365231514,1467331200000.0,668.804931640625,3.0,205.0,184.0,1467331200000.0
1467390551501,2016-07-01 16:29:11.501,0.6787350177764893,0.6312699913978577,0.5954099893569946,0.3488174974918365,0.414443609073758,1467331200000.0,668.804931640625,3.0,205.0,184.0,1467331200000.0
1467402274537,2016-07-01 19:44:34.537,0.6144675016403198,0.6042649745941162,0.579954981803894,0.3711475133895874,0.3925420258760453,1467331200000.0,668.804931640625,3.0,205.0,184.0,1467331200000.0
1467473638472,2016-07-02 15:33:58.472,0.6201599836349487,0.6000850200653076,0.571292519569397,0.377527505159378,0.4152422182947398,1467331200000.0,668.804931640625,3.0,205.0,184.0,1467331200000.0
1467491246892,2016-07-02 20:27:26.892,0.6873974800109863,0.6534900069236755,0.6369349956512451,0.4349749982357025,0.4414920870274305,1467331200000.0,668.804931640625,3.0,205.0,184.0,1467331200000.0
1467562610891,2016-07-03 16:16:50.891,0.6443325281143188,0.6287674903869629,0.6081699728965759,0.4475699961185455,0.4531174066096544,1467331200000.0,668.804931640625,3.0,205.0,184.0,1467331200000.0
1469906054084,2016-07-30 19:14:14.084,0.5456349849700928,0.4730899930000305,0.4299424886703491,0.2764925062656402,0.4231752902060747,1470009600000.0,667.6497192382812,3.0,29.0,176.0,1470009600000.0
1469983279245,2016-07-31 16:41:19.245,0.6096274852752686,0.5848774909973145,0.5723649859428406,0.4169074892997741,0.4289715935647488,1470009600000.0,667.6497192382812,3.0,29.0,176.0,1470009600000.0
1469995026083,2016-07-31 19:57:06.083,0.7356874942779541,0.6927599906921387,0.6842074990272522,0.4835675060749054,0.4675559559613467,1470009600000.0,667.6497192382812,3.0,29.0,176.0,1470009600000.0
1470066365835,2016-08-01 15:46:05.835,0.6443049907684326,0.6082249879837036,0.5916975140571594,0.4162200093269348,0.4380778074562549,1470009600000.0,670.0970458984375,2.0,351.0,181.0,1470009600000.0
1470066389705,2016-08-01 15:46:29.705,0.6102324724197388,0.5847675204277039,0.5727224946022034,0.4131950139999389,0.425290703523159,1470009600000.0,670.0970458984375,2.0,351.0,181.0,1470009600000.0
1470155337877,2016-08-02 16:28:57.877,0.5831999778747559,0.5597149729728699,0.5344424843788147,0.3426575064659118,0.3903017766773701,1470009600000.0,670.0970458984375,2.0,351.0,181.0,1470009600000.0
1470155361751,2016-08-02 16:29:21.751,0.5695599913597107,0.5475599765777588,0.5237175226211548,0.3447475135326385,0.3917146760374307,1470009600000.0,670.0970458984375,2.0,351.0,181.0,1470009600000.0
1470238448333,2016-08-03 15:34:08.333,0.5344974994659424,0.5160725116729736,0.4740799963474273,0.2679400146007538,0.3605497523516418,1470009600000.0,670.0970458984375,2.0,351.0,181.0,1470009600000.0
1470256056667,2016-08-03 20:27:36.667,0.5806699991226196,0.5357624888420105,0.5033400058746338,0.2614224851131439,0.3518646556466818,1470009600000.0,670.0970458984375,2.0,351.0,181.0,1470009600000.0
1343315619056,2012-07-26 15:13:39.056,0.943138301372528,0.8385024070739746,0.7622526288032532,0.5832852721214294,0.6910040761828422,1343088000000.0,1435.2357177734375,1.0,288.0,183.0,1343088000000.0
1470754814568,2016-08-09 15:00:14.568,0.9506000280380248,0.8120549917221069,0.7358250021934509,0.5479450225830078,0.6915275087475778,1470960000000.0,1437.99755859375,3.0,54.0,174.0,1470960000000.0
1471187928726,2016-08-14 15:18:48.726,0.8834725022315979,0.813319981098175,0.7791374921798706,0.620187520980835,0.6279751349627971,1470960000000.0,1437.99755859375,3.0,54.0,174.0,1470960000000.0
1339263172620,2012-06-09 17:32:52.620,0.7162156105041504,0.7058777213096619,0.6953194737434387,0.6009875535964966,0.5503211011409759,1339200000000.0,733.2091674804688,8.0,318.0,197.0,1339200000000.0
1373390146713,2013-07-09 17:15:46.713,0.9447137117385864,0.9062604904174804,0.8882119059562683,0.8044974207878113,0.7178542074501515,1373414400000.0,730.1470947265625,9.0,323.0,197.0,1373414400000.0
1373651176329,2013-07-12 17:46:16.329,0.8080753684043884,0.7773024439811707,0.7694303393363953,0.619688093662262,0.558878564941883,1373414400000.0,730.9732666015625,5.0,342.0,185.0,1373414400000.0
1374600459405,2013-07-23 17:27:39.405,0.7324849963188171,0.7098126411437988,0.6852240562438965,0.5385636687278748,0.5273420156836511,1374710400000.0,729.9984741210938,3.0,315.0,188.0,1374710400000.0
1379095142639,2013-09-13 17:59:02.639,0.6411975026130676,0.5284199714660645,0.4857949912548065,0.3821200132369995,0.5345743338286879,1379116800000.0,736.810791015625,9.0,336.0,192.0,1379116800000.0
1340372897668,2012-06-22 13:48:17.668,0.1473941504955291,0.1225258111953735,0.1098145768046379,0.023633025586605,0.1937337682716548,1340150400000.0,846.9915161132812,72.0,338.0,243.0,1340150400000.0
1403622223290,2014-06-24 15:03:43.290,0.976752519607544,0.9503800272941588,0.9324774742126464,0.8368325233459473,0.7261404692292213,1403395200000.0,2001.56787109375,2.0,319.0,185.0,1403740800000.0
1372867948360,2013-07-03 16:12:28.360,0.8040156364440918,0.7331538796424866,0.6767042279243469,0.5271170735359192,0.6058122546613216,1372723200000.0,1151.4249267578125,3.0,138.0,173.0,1372723200000.0
1345653162763,2012-08-22 16:32:42.763,0.8199517130851746,0.8104810118675232,0.7628945708274841,0.5615233778953552,0.5535704821348191,1345766400000.0,575.225830078125,26.0,254.0,255.0,1345766400000.0
1436633709895,2015-07-11 16:55:09.895,0.8433225154876709,0.7938774824142456,0.6991400122642517,0.3997200131416321,0.5270979217827322,1436832000000.0,580.4425048828125,28.0,315.0,241.0,1436832000000.0
1436805793210,2015-07-13 16:43:13.210,0.921339988708496,0.8251175284385681,0.7558450102806091,0.5146700143814087,0.6126240791797638,1436832000000.0,580.4425048828125,28.0,315.0,241.0,1436832000000.0
1437238883792,2015-07-18 17:01:23.792,0.8584474921226501,0.7637374997138977,0.6750500202178955,0.3802224993705749,0.5406545135498046,1437177600000.0,587.2105712890625,40.0,158.0,137.0,1437177600000.0
1437410942814,2015-07-20 16:49:02.814,0.9117149710655212,0.831030011177063,0.7472925186157227,0.4764175117015838,0.5908215967804196,1437523200000.0,583.1852416992188,7.0,86.0,159.0,1437523200000.0
1437410966730,2015-07-20 16:49:26.730,0.9019250273704528,0.821322500705719,0.7409675121307373,0.4736950099468231,0.584656072691083,1437523200000.0,583.1852416992188,7.0,86.0,159.0,1437523200000.0
1437844056580,2015-07-25 17:07:36.580,0.8862224817276001,0.79066002368927,0.7383000254631042,0.4747675061225891,0.5537909140765666,1437782400000.0,586.5205688476562,5.0,192.0,184.0,1437782400000.0
1438016115348,2015-07-27 16:55:15.348,0.925189971923828,0.8768724799156189,0.8005049824714661,0.5382925271987915,0.5969573702335358,1437782400000.0,586.5205688476562,5.0,192.0,184.0,1437782400000.0
1438188197964,2015-07-29 16:43:17.964,0.914080023765564,0.8462374806404114,0.7942900061607361,0.522397518157959,0.560609194946289,1438300800000.0,585.1896362304688,3.0,88.0,170.0,1438300800000.0
1439226460447,2015-08-10 17:07:40.447,0.9908875226974488,0.9346774816513062,0.911852478981018,0.7643700242042542,0.6958203154265881,1439337600000.0,580.7619018554688,2.0,95.0,175.0,1439337600000.0
1468713365373,2016-07-16 23:56:05.373,0.8056750297546387,0.8041899800300598,0.9106425046920776,0.6064375042915344,0.3071959850251674,1468540800000.0,579.9188842773438,10.0,174.0,177.0,1468540800000.0
1468713389298,2016-07-16 23:56:29.298,0.9120175242424012,0.9574475288391112,0.9481800198554992,0.5151925086975098,0.3596323227345945,1468540800000.0,579.9188842773438,10.0,174.0,177.0,1468540800000.0
1470588593724,2016-08-07 16:49:53.724,0.9626449942588806,0.9391325116157532,0.907480001449585,0.665149986743927,0.5952441322445872,1470528000000.0,580.8533325195312,32.0,290.0,255.0,1470528000000.0
1470760652160,2016-08-09 16:37:32.160,0.951562523841858,0.9154825210571288,0.8154925107955933,0.5548200011253357,0.6358225121080876,1470787200000.0,583.018310546875,26.0,289.0,254.0,1470787200000.0
1372873857572,2013-07-03 17:50:57.572,0.984675109386444,0.9767611622810364,0.9616516828536988,0.8755728602409363,0.7353254492521286,1372982400000.0,887.3819580078125,7.0,18.0,174.0,1372982400000.0
1373045914284,2013-07-05 17:38:34.284,0.9748589992523192,0.9663574695587158,0.9474130868911744,0.861131489276886,0.7324019202768806,1372982400000.0,887.3819580078125,7.0,18.0,174.0,1372982400000.0
1404227540739,2014-07-01 15:12:20.739,0.9996874928474426,0.905115008354187,0.8233850002288818,0.5950800180435181,0.6863487801492214,1404259200000.0,1105.1148681640625,2.0,280.0,187.0,1404259200000.0
1406992329602,2014-08-02 15:12:09.602,0.9994400143623352,0.9139699935913086,0.848437488079071,0.6205174922943115,0.6705503743469714,1407024000000.0,1107.4345703125,5.0,26.0,173.0,1407024000000.0
1406992353493,2014-08-02 15:12:33.493,0.9910249710083008,0.9044550061225892,0.8408750295639038,0.615512490272522,0.6657728084325794,1407024000000.0,1107.4345703125,5.0,26.0,173.0,1407024000000.0
1371479696231,2013-06-17 14:34:56.231,0.8587315678596497,0.8412150740623474,0.8291566371917725,0.6822783946990967,0.5965937077224255,1371600000000.0,579.112060546875,4.0,63.0,169.0,1371600000000.0
1371651753866,2013-06-19 14:22:33.866,0.8551262021064758,0.8417218923568726,0.8361009359359741,0.7270665168762207,0.6224597374260428,1371600000000.0,579.112060546875,4.0,63.0,169.0,1371600000000.0
1371740725335,2013-06-20 15:05:25.335,0.8068938255310059,0.7888389229774475,0.7657831311225891,0.6228492259979248,0.5769059784293176,1371600000000.0,579.112060546875,4.0,63.0,169.0,1371600000000.0
1436633733820,2015-07-11 16:55:33.820,0.982967495918274,0.9271150231361388,0.8858925104141235,0.6594300270080566,0.6354155169248579,1436832000000.0,1225.1519775390625,14.0,56.0,143.0,1436486400000.0
1468428959358,2016-07-13 16:55:59.358,0.990832507610321,0.9331099987030028,0.8874049782752991,0.6766449809074402,0.6592105579495433,1468454400000.0,1235.2264404296875,2.0,335.0,183.0,1468454400000.0
1469811363503,2016-07-29 16:56:03.503,0.9818950295448304,0.9262074828147888,0.8998349905014038,0.7483649849891663,0.6895760237932205,1469750400000.0,1235.0946044921875,2.0,86.0,173.0,1469750400000.0
1344259005261,2012-08-06 13:16:45.261,0.8013495206832886,0.8183210492134094,0.8038305640220642,0.6645760536193848,0.5647837958812716,1344384000000.0,976.6781005859376,15.0,292.0,222.0,1344384000000.0
1365600212144,2013-04-10 13:23:32.144,0.9017529487609864,0.8614858984947205,0.8556790351867676,0.8088564872741699,0.7127286719679833,1365552000000.0,982.1666870117188,13.0,314.0,209.0,1365552000000.0
1365600236020,2013-04-10 13:23:56.020,0.9026315212249756,0.8620522618293762,0.8621855974197388,0.816775918006897,0.7091408749103547,1365552000000.0,982.1666870117188,13.0,314.0,209.0,1365552000000.0
1364999906291,2013-04-03 14:38:26.291,0.946529984474182,0.7269424796104431,0.5988749861717224,0.3713400065898895,0.709730280634761,1365033600000.0,1415.362548828125,5.0,70.0,165.0,1365033600000.0
1364999928162,2013-04-03 14:38:48.162,0.930305004119873,0.7002124786376953,0.5821275115013123,0.3639974892139435,0.6998270396023989,1365033600000.0,1415.362548828125,5.0,70.0,165.0,1365033600000.0
1369234420884,2013-05-22 14:53:40.884,0.9120450019836426,0.8735725283622742,0.844587504863739,0.7175650000572205,0.6672295930683612,1369440000000.0,1412.3875732421875,3.0,52.0,174.0,1369440000000.0
1346424655214,2012-08-31 14:50:55.214,0.6196901798248291,0.6155235767364502,0.6412827372550964,0.590306282043457,0.4933468922853471,1346198400000.0,1197.952392578125,12.0,116.0,147.0,1346198400000.0
1469544566825,2016-07-26 14:49:26.825,0.8670549988746643,0.8323500156402588,0.8358975052833557,0.646120011806488,0.5502979843854905,1469491200000.0,1193.293212890625,3.0,142.0,175.0,1469491200000.0
1471532143075,2016-08-18 14:55:43.075,0.4991874992847442,0.5099675059318542,0.5336725115776062,0.4212799966335296,0.3594797551512719,1471305600000.0,1194.765380859375,3.0,2.0,180.0,1471305600000.0
1335104145400,2012-04-22 14:15:45.400,0.9937338829040528,0.9641217589378356,0.9686251282691956,0.924387276172638,0.7638157492816449,1335225600000.0,2042.2554931640625,5.0,297.0,194.0,1335225600000.0
1436799979517,2015-07-13 15:06:19.517,0.9207624793052672,0.9108625054359436,0.8909249901771545,0.692347526550293,0.5958156834900379,1436918400000.0,883.5941772460938,7.0,278.0,201.0,1436918400000.0
1439564789748,2015-08-14 15:06:29.748,0.954092502593994,0.9420474767684937,0.9533225297927856,0.8566324710845947,0.681968670988083,1439596800000.0,885.8211669921875,3.0,132.0,174.0,1439596800000.0
1471359988150,2016-08-16 15:06:28.150,0.6202700138092041,0.5519325137138367,0.5569924712181091,0.407227486371994,0.4298089202731848,1471305600000.0,882.6871337890625,3.0,148.0,175.0,1471305600000.0
1471360012041,2016-08-16 15:06:52.041,0.5230299830436707,0.4914599955081939,0.5007824897766113,0.3918274939060211,0.3961437784343959,1471305600000.0,882.6871337890625,3.0,148.0,175.0,1471305600000.0
1403622223290,2014-06-24 15:03:43.290,0.9721875190734864,0.9530199766159058,0.930965006351471,0.8316624760627747,0.7228558080255985,1403308800000.0,2003.726806640625,9.0,214.0,195.0,1403913600000.0
1466696571051,2016-06-23 15:42:51.051,0.7699524760246277,0.7345874905586243,0.7034574747085571,0.55690997838974,0.5591508575916291,1466467200000.0,1290.990478515625,10.0,50.0,156.0,1466467200000.0
1369234420884,2013-05-22 14:53:40.884,0.9469975233078004,0.91600501537323,0.9033824801445008,0.8254200220108032,0.7187306385278704,1369440000000.0,1667.0145263671875,4.0,240.0,191.0,1369440000000.0
1367848757386,2013-05-06 13:59:17.386,0.9688602089881896,0.9516313672065736,0.943678379058838,0.8851227760314941,0.744729354327917,1367971200000.0,2231.5791015625,4.0,16.0,177.0,1367971200000.0
1340206461385,2012-06-20 15:34:21.385,0.4281541407108307,0.3193910419940948,0.2598452866077423,0.1372671574354171,0.3947376937881112,1340064000000.0,981.7822265625,21.0,10.0,169.0,1340064000000.0
1372695843827,2013-07-01 16:24:03.827,0.3768011331558227,0.2747058570384979,0.2111772149801254,0.0701847523450851,0.34761900588125,1372896000000.0,984.7969360351562,32.0,48.0,110.0,1372896000000.0
1372695867697,2013-07-01 16:24:27.697,0.4140358567237854,0.2907138168811798,0.2126360833644867,0.0627644285559654,0.3794197500191629,1372896000000.0,984.7969360351562,32.0,48.0,110.0,1372896000000.0
1372956895546,2013-07-04 16:54:55.546,0.3635311722755432,0.2623645067214966,0.190315306186676,0.0587714239954948,0.3554414030484856,1372982400000.0,989.2136840820312,26.0,43.0,126.0,1372982400000.0
1373039981207,2013-07-05 15:59:41.207,0.4831124246120453,0.3966287672519684,0.3361736238002777,0.1960973441600799,0.4125580417633058,1372982400000.0,990.4146728515624,21.0,44.0,135.0,1372982400000.0
1400169108020,2014-05-15 15:51:48.020,0.7167674899101257,0.5340574979782104,0.4304375052452087,0.2997849881649017,0.62303560397923,1400284800000.0,989.003173828125,25.0,50.0,121.0,1400284800000.0
1400341165295,2014-05-17 15:39:25.295,0.5121675133705139,0.295879989862442,0.1535950005054474,0.0616074986755847,0.5656641903270037,1400284800000.0,989.003173828125,25.0,50.0,121.0,1400284800000.0
1400857362280,2014-05-23 15:02:42.280,0.539804995059967,0.3111425042152405,0.1966049969196319,0.0861925035715103,0.542477686829865,1400716800000.0,991.8207397460938,30.0,56.0,105.0,1400716800000.0
1400946335064,2014-05-24 15:45:35.064,0.4647299945354461,0.2257274985313415,0.0982099995017051,0.0061674998141825,0.5239101906517987,1400716800000.0,991.8207397460938,30.0,56.0,105.0,1400716800000.0
1429027416276,2015-04-14 16:03:36.276,0.8584200143814087,0.5764625072479248,0.4183099865913391,0.2361225038766861,0.7291341877356172,1429228800000.0,991.128662109375,36.0,67.0,83.0,1429228800000.0
1435073211455,2015-06-23 15:26:51.455,0.6154025197029114,0.4363225102424621,0.3383125066757202,0.1913799941539764,0.5370324694067241,1435276800000.0,987.20849609375,28.0,56.0,111.0,1435104000000.0
1345125189665,2012-08-16 13:53:09.665,0.9775553941726683,0.9689509272575378,0.9784871339797974,0.9233890175819396,0.7363834765970709,1344902400000.0,1839.3477783203125,3.0,120.0,171.0,1344902400000.0
1367848757386,2013-05-06 13:59:17.386,0.948561429977417,0.9208972454071044,0.8833684325218201,0.7110612392425537,0.656074510717392,1367712000000.0,1983.696533203125,2.0,233.0,184.0,1367712000000.0
1463753720950,2016-05-20 14:15:20.950,0.9965800046920776,0.8738200068473816,0.8136774897575378,0.6239550113677979,0.7029125818252564,1463702400000.0,1978.4515380859373,3.0,182.0,181.0,1463702400000.0
1467467848289,2016-07-02 13:57:28.289,0.931267499923706,0.8475300073623657,0.7944825291633606,0.6159800291061401,0.6599533506751061,1467504000000.0,1981.9827880859373,5.0,118.0,167.0,1467504000000.0
1374683426007,2013-07-24 16:30:26.007,0.9136595726013184,0.915054440498352,0.9078483581542968,0.8333469033241272,0.6916507474720479,1374796800000.0,1148.961669921875,2.0,171.0,179.0,1374796800000.0
1374766511893,2013-07-25 15:35:11.893,0.9567112326622008,0.9573548436164856,0.9668744802474976,0.8722453713417053,0.6857188081145287,1374796800000.0,1148.961669921875,2.0,171.0,179.0,1374796800000.0
1375199621091,2013-07-30 15:53:41.091,0.9188402891159058,0.919525980949402,0.9329118728637696,0.8881175518035889,0.7032392020106317,1374969600000.0,1155.295654296875,4.0,47.0,170.0,1374969600000.0
1342633099588,2012-07-18 17:38:19.588,0.8603675961494446,0.8156977295875549,0.7482474446296692,0.5310767889022827,0.587599239307642,1342742400000.0,1241.25439453125,4.0,29.0,175.0,1342742400000.0
1342894155467,2012-07-21 18:09:15.467,0.9035707116127014,0.8654208183288574,0.8003584742546082,0.6268755197525024,0.6525298987329007,1342742400000.0,1241.25439453125,4.0,29.0,175.0,1342742400000.0
1436538995433,2015-07-10 14:36:35.433,0.973782479763031,0.8439549803733826,0.7743800282478333,0.5550400018692017,0.670604496783018,1436313600000.0,1857.0977783203125,3.0,135.0,174.0,1436313600000.0
1314107208856,2011-08-23 13:46:48.856,0.8388871550559998,0.8157871961593628,0.8030136227607727,0.7369492053985596,0.6589677382647992,1313884800000.0,1622.4085693359375,7.0,198.0,187.0,1313884800000.0
1374760865315,2013-07-25 14:01:05.315,0.8367664217948914,0.8263995051383972,0.8056979775428772,0.6406846046447754,0.5729735308468342,1374624000000.0,1623.1895751953125,5.0,58.0,167.0,1374624000000.0
1433091561123,2015-05-31 16:59:21.123,0.9629474878311156,0.9350625276565552,0.923704981803894,0.8374099731445312,0.719898295247555,1433376000000.0,2133.302734375,8.0,236.0,202.0,1432857600000.0
1464542700721,2016-05-29 17:25:00.721,0.9565950036048888,0.9274724721908568,0.921339988708496,0.84170001745224,0.7171960329532625,1464307200000.0,1993.5107421875,1.0,167.0,180.0,1464307200000.0
1465681657328,2016-06-11 21:47:37.328,0.9634425044059752,0.9265925288200378,0.9106699824333192,0.821542501449585,0.722864838272333,1465603200000.0,1991.059326171875,2.0,35.0,177.0,1465603200000.0
1465925079555,2016-06-14 17:24:39.555,0.8644149899482727,0.7221850156784058,0.6515374779701233,0.5205824971199036,0.6831427016377449,1466035200000.0,1993.5845947265625,3.0,166.0,178.0,1466035200000.0
1465925103425,2016-06-14 17:25:03.425,0.8535799980163574,0.7120100259780884,0.6434249877929688,0.5171175003051758,0.6784098959684373,1466035200000.0,1993.5845947265625,3.0,166.0,178.0,1466035200000.0
1462543546758,2016-05-06 14:05:46.758,0.8066099882125854,0.7445700168609619,0.7169874906539917,0.6017075181007385,0.6112093521535398,1462320000000.0,201.00091552734372,17.0,354.0,186.0,1462320000000.0
1462543570641,2016-05-06 14:06:10.641,0.839389979839325,0.7605199813842773,0.7314249873161316,0.6099025011062622,0.6300060251772406,1462320000000.0,201.00091552734372,17.0,354.0,186.0,1462320000000.0
1365088599424,2013-04-04 15:16:39.424,0.9672099947929382,0.920817494392395,0.9141075015068054,0.8224499821662903,0.7155711179256441,1365120000000.0,1789.608642578125,4.0,280.0,192.0,1365033600000.0
1365088599424,2013-04-04 15:16:39.424,0.9879724979400636,0.942597508430481,0.93385249376297,0.8359799981117249,0.7250708347380161,1365120000000.0,1696.536376953125,18.0,147.0,151.0,1365033600000.0
1282056770521,2010-08-17 14:52:50.521,0.6362928152084351,0.6080710887908936,0.6067949533462524,0.4657246768474579,0.4493890075057745,1282176000000.0,1230.4322509765625,2.0,288.0,186.0,1282176000000.0
1374677755503,2013-07-24 14:55:55.503,0.9149622917175292,0.8992551565170288,0.8597346544265747,0.6704990267753601,0.6193492034852504,1374451200000.0,1219.7288818359375,1.0,95.0,177.0,1374451200000.0
1405782076899,2014-07-19 15:01:16.899,0.8801174759864807,0.8295999765396118,0.8216524720191956,0.6118825078010559,0.5528736923098565,1405987200000.0,1389.11572265625,11.0,106.0,146.0,1405987200000.0
1369234420884,2013-05-22 14:53:40.884,0.9588775038719176,0.930827498435974,0.9242824912071228,0.8342750072479248,0.7094487762153148,1369440000000.0,1086.4124755859375,4.0,21.0,176.0,1369440000000.0
1438538153093,2015-08-02 17:55:53.093,0.954532504081726,0.9373999834060668,0.9330549836158752,0.7986624836921692,0.6627735593736173,1438473600000.0,975.0110473632812,7.0,319.0,195.0,1438473600000.0
1441302964733,2015-09-03 17:56:04.733,0.9918500185012816,0.9652299880981444,0.9595925211906432,0.864579975605011,0.7251841701924802,1441324800000.0,977.4724731445312,4.0,309.0,191.0,1441324800000.0
1465770653099,2016-06-12 22:30:53.099,0.9644874930381776,0.9283524751663208,0.9196075201034546,0.801164984703064,0.6900244904339314,1465603200000.0,977.8873901367188,10.0,234.0,207.0,1465603200000.0
1469917872387,2016-07-30 22:31:12.387,0.9637449979782104,0.935034990310669,0.9357224702835084,0.8084250092506409,0.6718924376904964,1469750400000.0,970.353759765625,4.0,180.0,180.0,1469750400000.0
1470000959109,2016-07-31 21:35:59.109,0.94438499212265,0.9048674702644348,0.8989549875259399,0.7580724954605103,0.6542801819741726,1469750400000.0,970.353759765625,4.0,180.0,180.0,1469750400000.0
1409496201567,2014-08-31 14:43:21.567,0.9461175203323364,0.861472487449646,0.8043000102043152,0.5540775060653687,0.6078757971048354,1409702400000.0,1563.1563720703125,4.0,15.0,177.0,1409702400000.0
1471704202389,2016-08-20 14:43:22.389,0.9130625128746032,0.8210200071334839,0.7836750149726868,0.5882874727249146,0.6191969131052495,1471564800000.0,1564.9051513671875,1.0,111.0,176.0,1471564800000.0
