time,datetime,Snow_Albedo_Daily_Tile
1250380800000,2009-08-16,81.0
1250553600000,2009-08-18,81.0
1250640000000,2009-08-19,89.0
1250726400000,2009-08-20,83.0
1250899200000,2009-08-22,89.0
1250985600000,2009-08-23,83.0
1251072000000,2009-08-24,92.0
1251331200000,2009-08-27,69.0
1251504000000,2009-08-29,89.0
1251936000000,2009-09-03,92.0
1252022400000,2009-09-04,95.0
1252108800000,2009-09-05,93.0
1252195200000,2009-09-06,87.0
1252368000000,2009-09-08,89.0
1252454400000,2009-09-09,94.0
1252540800000,2009-09-10,93.0
1252800000000,2009-09-13,96.0
1252886400000,2009-09-14,76.0
1252972800000,2009-09-15,100.0
1253145600000,2009-09-17,89.0
1253491200000,2009-09-21,98.0
1253577600000,2009-09-22,100.0
1253664000000,2009-09-23,100.0
1253750400000,2009-09-24,94.0
1253836800000,2009-09-25,99.0
1253923200000,2009-09-26,97.0
1254009600000,2009-09-27,100.0
1254096000000,2009-09-28,100.0
1254182400000,2009-09-29,100.0
1254268800000,2009-09-30,100.0
1254355200000,2009-10-01,100.0
1254441600000,2009-10-02,100.0
1254528000000,2009-10-03,100.0
1254614400000,2009-10-04,100.0
1254700800000,2009-10-05,92.0
1254787200000,2009-10-06,100.0
1254873600000,2009-10-07,100.0
1254960000000,2009-10-08,57.0
1255046400000,2009-10-09,100.0
1255132800000,2009-10-10,100.0
1255219200000,2009-10-11,100.0
1255305600000,2009-10-12,85.0
1255392000000,2009-10-13,100.0
1255478400000,2009-10-14,88.0
1255564800000,2009-10-15,100.0
1255651200000,2009-10-16,100.0
1255737600000,2009-10-17,100.0
1255910400000,2009-10-19,100.0
1255996800000,2009-10-20,79.0
1256083200000,2009-10-21,100.0
1256169600000,2009-10-22,100.0
1256256000000,2009-10-23,100.0
1256342400000,2009-10-24,100.0
1256428800000,2009-10-25,100.0
1256515200000,2009-10-26,100.0
1256601600000,2009-10-27,100.0
1256774400000,2009-10-29,100.0
1256860800000,2009-10-30,78.0
1257120000000,2009-11-02,100.0
1257206400000,2009-11-03,100.0
1265500800000,2010-02-07,93.0
1265760000000,2010-02-10,100.0
1265846400000,2010-02-11,92.0
1265932800000,2010-02-12,100.0
1266019200000,2010-02-13,100.0
1266105600000,2010-02-14,100.0
1266192000000,2010-02-15,100.0
1266278400000,2010-02-16,100.0
1266364800000,2010-02-17,100.0
1266451200000,2010-02-18,100.0
1266537600000,2010-02-19,100.0
1266624000000,2010-02-20,100.0
1266710400000,2010-02-21,100.0
1266796800000,2010-02-22,100.0
1266883200000,2010-02-23,100.0
1266969600000,2010-02-24,100.0
1267056000000,2010-02-25,100.0
1267142400000,2010-02-26,100.0
1267228800000,2010-02-27,100.0
1267315200000,2010-02-28,100.0
1267488000000,2010-03-02,82.0
1267660800000,2010-03-04,100.0
1267747200000,2010-03-05,100.0
1267833600000,2010-03-06,100.0
1267920000000,2010-03-07,100.0
1268006400000,2010-03-08,100.0
1268092800000,2010-03-09,100.0
1268179200000,2010-03-10,100.0
1268265600000,2010-03-11,100.0
1268352000000,2010-03-12,98.0
1268438400000,2010-03-13,100.0
1268611200000,2010-03-15,100.0
1268697600000,2010-03-16,100.0
1268784000000,2010-03-17,100.0
1268956800000,2010-03-19,92.0
1269043200000,2010-03-20,96.0
1269129600000,2010-03-21,95.0
1269216000000,2010-03-22,97.0
1269302400000,2010-03-23,96.0
1269388800000,2010-03-24,100.0
1269475200000,2010-03-25,98.0
1269561600000,2010-03-26,91.0
1269648000000,2010-03-27,99.0
1269734400000,2010-03-28,91.0
1269820800000,2010-03-29,99.0
1269907200000,2010-03-30,92.0
1269993600000,2010-03-31,97.0
1270080000000,2010-04-01,87.0
1270166400000,2010-04-02,99.0
1270339200000,2010-04-04,89.0
1270425600000,2010-04-05,95.0
1270512000000,2010-04-06,90.0
1270598400000,2010-04-07,95.0
1270684800000,2010-04-08,92.0
1270771200000,2010-04-09,97.0
1270857600000,2010-04-10,88.0
1270944000000,2010-04-11,68.0
1271030400000,2010-04-12,91.0
1271116800000,2010-04-13,87.0
1271203200000,2010-04-14,92.0
1271289600000,2010-04-15,89.0
1271376000000,2010-04-16,93.0
1271548800000,2010-04-18,92.0
1271635200000,2010-04-19,89.0
1271721600000,2010-04-20,83.0
1271808000000,2010-04-21,88.0
1271894400000,2010-04-22,84.0
1271980800000,2010-04-23,90.0
1272067200000,2010-04-24,72.0
1272153600000,2010-04-25,94.0
1272240000000,2010-04-26,87.0
1272326400000,2010-04-27,91.0
1272412800000,2010-04-28,86.0
1272499200000,2010-04-29,83.0
1272585600000,2010-04-30,87.0
1272672000000,2010-05-01,85.0
1272844800000,2010-05-03,92.0
1273017600000,2010-05-05,84.0
1273104000000,2010-05-06,80.0
1273190400000,2010-05-07,85.0
1273276800000,2010-05-08,67.0
1273363200000,2010-05-09,87.0
1273449600000,2010-05-10,80.0
1273536000000,2010-05-11,88.0
1273622400000,2010-05-12,83.0
1273708800000,2010-05-13,81.0
1273795200000,2010-05-14,97.0
1273881600000,2010-05-15,83.0
1273968000000,2010-05-16,84.0
1274054400000,2010-05-17,82.0
1274140800000,2010-05-18,91.0
1274227200000,2010-05-19,82.0
1274313600000,2010-05-20,86.0
1274486400000,2010-05-22,79.0
1274572800000,2010-05-23,83.0
1274659200000,2010-05-24,79.0
1274745600000,2010-05-25,82.0
1274832000000,2010-05-26,80.0
1274918400000,2010-05-27,82.0
1275004800000,2010-05-28,82.0
1275091200000,2010-05-29,83.0
1275177600000,2010-05-30,81.0
1275264000000,2010-05-31,78.0
1275350400000,2010-06-01,80.0
1275436800000,2010-06-02,80.0
1275523200000,2010-06-03,82.0
1275609600000,2010-06-04,80.0
1275696000000,2010-06-05,82.0
1275782400000,2010-06-06,79.0
1275868800000,2010-06-07,77.0
1276041600000,2010-06-09,81.0
1276128000000,2010-06-10,82.0
1276214400000,2010-06-11,81.0
1276300800000,2010-06-12,87.0
1276646400000,2010-06-16,73.0
1276732800000,2010-06-17,88.0
1276905600000,2010-06-19,93.0
1277078400000,2010-06-21,86.0
1277251200000,2010-06-23,64.0
1277337600000,2010-06-24,83.0
1277424000000,2010-06-25,80.0
1277510400000,2010-06-26,83.0
1277596800000,2010-06-27,81.0
1277769600000,2010-06-29,84.0
1277942400000,2010-07-01,86.0
1278374400000,2010-07-06,82.0
1278547200000,2010-07-08,85.0
1278633600000,2010-07-09,81.0
1278806400000,2010-07-11,81.0
1278892800000,2010-07-12,82.0
1278979200000,2010-07-13,80.0
1279065600000,2010-07-14,83.0
1279152000000,2010-07-15,80.0
1279238400000,2010-07-16,76.0
1279411200000,2010-07-18,77.0
1279497600000,2010-07-19,81.0
1279584000000,2010-07-20,77.0
1279670400000,2010-07-21,81.0
1279756800000,2010-07-22,78.0
1279843200000,2010-07-23,83.0
1279929600000,2010-07-24,85.0
1280361600000,2010-07-29,82.0
1280448000000,2010-07-30,87.0
1280534400000,2010-07-31,80.0
1280880000000,2010-08-04,86.0
1280966400000,2010-08-05,85.0
1281139200000,2010-08-07,84.0
1281225600000,2010-08-08,87.0
1281657600000,2010-08-13,87.0
1281744000000,2010-08-14,74.0
1281830400000,2010-08-15,90.0
1282089600000,2010-08-18,86.0
1282262400000,2010-08-20,98.0
1282435200000,2010-08-22,85.0
1282521600000,2010-08-23,85.0
1282780800000,2010-08-26,82.0
1282867200000,2010-08-27,85.0
1283126400000,2010-08-30,88.0
1283212800000,2010-08-31,93.0
1283299200000,2010-09-01,99.0
1283385600000,2010-09-02,96.0
1283731200000,2010-09-06,87.0
1283817600000,2010-09-07,99.0
1283904000000,2010-09-08,93.0
1283990400000,2010-09-09,100.0
1284076800000,2010-09-10,98.0
1284249600000,2010-09-12,100.0
1284336000000,2010-09-13,100.0
1284422400000,2010-09-14,99.0
1284508800000,2010-09-15,92.0
1284595200000,2010-09-16,100.0
1284681600000,2010-09-17,91.0
1284940800000,2010-09-20,93.0
1285027200000,2010-09-21,100.0
1285113600000,2010-09-22,99.0
1285286400000,2010-09-24,100.0
1285372800000,2010-09-25,100.0
1285459200000,2010-09-26,100.0
1285545600000,2010-09-27,100.0
1285718400000,2010-09-29,81.0
1285804800000,2010-09-30,99.0
1285891200000,2010-10-01,100.0
1285977600000,2010-10-02,100.0
1286064000000,2010-10-03,100.0
1286323200000,2010-10-06,100.0
1286409600000,2010-10-07,100.0
1286496000000,2010-10-08,98.0
1286928000000,2010-10-13,73.0
1287014400000,2010-10-14,100.0
1287100800000,2010-10-15,100.0
1287187200000,2010-10-16,100.0
1287273600000,2010-10-17,100.0
1287360000000,2010-10-18,100.0
1287446400000,2010-10-19,95.0
1287532800000,2010-10-20,100.0
1287619200000,2010-10-21,100.0
1287705600000,2010-10-22,100.0
1287792000000,2010-10-23,100.0
1287878400000,2010-10-24,100.0
1287964800000,2010-10-25,100.0
1288051200000,2010-10-26,100.0
1288137600000,2010-10-27,100.0
1288224000000,2010-10-28,100.0
1288396800000,2010-10-30,100.0
1288483200000,2010-10-31,100.0
1288569600000,2010-11-01,100.0
1288656000000,2010-11-02,100.0
1288742400000,2010-11-03,100.0
1288828800000,2010-11-04,100.0
1296950400000,2011-02-06,100.0
1297468800000,2011-02-12,100.0
1297814400000,2011-02-16,100.0
1297900800000,2011-02-17,100.0
1298073600000,2011-02-19,100.0
1298160000000,2011-02-20,100.0
1298246400000,2011-02-21,100.0
1298332800000,2011-02-22,97.0
1298419200000,2011-02-23,100.0
1298505600000,2011-02-24,90.0
1298592000000,2011-02-25,90.0
1298678400000,2011-02-26,100.0
1298851200000,2011-02-28,100.0
1298937600000,2011-03-01,100.0
1299024000000,2011-03-02,100.0
1299110400000,2011-03-03,100.0
1299196800000,2011-03-04,100.0
1299369600000,2011-03-06,99.0
1299456000000,2011-03-07,100.0
1299542400000,2011-03-08,100.0
1299628800000,2011-03-09,100.0
1299715200000,2011-03-10,100.0
1299801600000,2011-03-11,100.0
1299974400000,2011-03-13,100.0
1300147200000,2011-03-15,99.0
1300233600000,2011-03-16,100.0
1300320000000,2011-03-17,100.0
1300406400000,2011-03-18,100.0
1300492800000,2011-03-19,100.0
1300579200000,2011-03-20,100.0
1300665600000,2011-03-21,100.0
1300752000000,2011-03-22,92.0
1300838400000,2011-03-23,100.0
1300924800000,2011-03-24,95.0
1301011200000,2011-03-25,92.0
1301097600000,2011-03-26,93.0
1301184000000,2011-03-27,100.0
1301270400000,2011-03-28,95.0
1301356800000,2011-03-29,91.0
1301443200000,2011-03-30,86.0
1301529600000,2011-03-31,92.0
1301616000000,2011-04-01,99.0
1301702400000,2011-04-02,92.0
1301788800000,2011-04-03,98.0
1301875200000,2011-04-04,94.0
1301961600000,2011-04-05,91.0
1302048000000,2011-04-06,91.0
1302134400000,2011-04-07,91.0
1302220800000,2011-04-08,100.0
1302307200000,2011-04-09,90.0
1302393600000,2011-04-10,88.0
1302480000000,2011-04-11,88.0
1302566400000,2011-04-12,95.0
1302652800000,2011-04-13,82.0
1302825600000,2011-04-15,93.0
1302912000000,2011-04-16,86.0
1302998400000,2011-04-17,89.0
1303084800000,2011-04-18,88.0
1303171200000,2011-04-19,94.0
1303257600000,2011-04-20,88.0
1303344000000,2011-04-21,91.0
1303430400000,2011-04-22,92.0
1303603200000,2011-04-24,89.0
1303689600000,2011-04-25,85.0
1303776000000,2011-04-26,94.0
1304035200000,2011-04-29,88.0
1304121600000,2011-04-30,92.0
1304208000000,2011-05-01,88.0
1304294400000,2011-05-02,85.0
1304380800000,2011-05-03,89.0
1304467200000,2011-05-04,84.0
1304553600000,2011-05-05,87.0
1304640000000,2011-05-06,85.0
1304726400000,2011-05-07,86.0
1304812800000,2011-05-08,84.0
1304899200000,2011-05-09,87.0
1305072000000,2011-05-11,85.0
1305331200000,2011-05-14,89.0
1305417600000,2011-05-15,82.0
1305676800000,2011-05-18,85.0
1305763200000,2011-05-19,86.0
1305849600000,2011-05-20,82.0
1306022400000,2011-05-22,92.0
1306108800000,2011-05-23,87.0
1306195200000,2011-05-24,84.0
1306281600000,2011-05-25,82.0
1306368000000,2011-05-26,78.0
1306454400000,2011-05-27,82.0
1306540800000,2011-05-28,85.0
1306627200000,2011-05-29,83.0
1306713600000,2011-05-30,84.0
1306800000000,2011-05-31,81.0
1306886400000,2011-06-01,84.0
1306972800000,2011-06-02,84.0
1307059200000,2011-06-03,81.0
1307145600000,2011-06-04,84.0
1307232000000,2011-06-05,81.0
1307318400000,2011-06-06,84.0
1307404800000,2011-06-07,81.0
1307491200000,2011-06-08,85.0
1307577600000,2011-06-09,81.0
1307664000000,2011-06-10,89.0
1308096000000,2011-06-15,85.0
1308182400000,2011-06-16,81.0
1308268800000,2011-06-17,81.0
1308355200000,2011-06-18,82.0
1308441600000,2011-06-19,79.0
1308528000000,2011-06-20,81.0
1308614400000,2011-06-21,78.0
1308700800000,2011-06-22,81.0
1308787200000,2011-06-23,82.0
1308873600000,2011-06-24,82.0
1308960000000,2011-06-25,78.0
1309132800000,2011-06-27,81.0
1309219200000,2011-06-28,80.0
1309305600000,2011-06-29,82.0
1309392000000,2011-06-30,79.0
1309824000000,2011-07-05,79.0
1309996800000,2011-07-07,78.0
1310256000000,2011-07-10,84.0
1310342400000,2011-07-11,82.0
1310428800000,2011-07-12,85.0
1310601600000,2011-07-14,78.0
1311033600000,2011-07-19,86.0
1311120000000,2011-07-20,81.0
1311206400000,2011-07-21,71.0
1311292800000,2011-07-22,82.0
1311811200000,2011-07-28,90.0
1311897600000,2011-07-29,85.0
1311984000000,2011-07-30,83.0
1312070400000,2011-07-31,88.0
1312156800000,2011-08-01,88.0
1312588800000,2011-08-06,81.0
1312675200000,2011-08-07,85.0
1312761600000,2011-08-08,80.0
1312848000000,2011-08-09,85.0
1312934400000,2011-08-10,81.0
1313020800000,2011-08-11,96.0
1313107200000,2011-08-12,83.0
1313193600000,2011-08-13,82.0
1313280000000,2011-08-14,84.0
1313366400000,2011-08-15,79.0
1313452800000,2011-08-16,69.0
1313712000000,2011-08-19,80.0
1313798400000,2011-08-20,91.0
1313884800000,2011-08-21,88.0
1314144000000,2011-08-24,84.0
1314230400000,2011-08-25,100.0
1314316800000,2011-08-26,88.0
1314576000000,2011-08-29,100.0
1314662400000,2011-08-30,88.0
1314921600000,2011-09-02,92.0
1315094400000,2011-09-04,86.0
1315180800000,2011-09-05,67.0
1315267200000,2011-09-06,89.0
1315526400000,2011-09-09,83.0
1315612800000,2011-09-10,96.0
1315699200000,2011-09-11,76.0
1315785600000,2011-09-12,100.0
1315872000000,2011-09-13,88.0
1316044800000,2011-09-15,100.0
1316131200000,2011-09-16,95.0
1316304000000,2011-09-18,95.0
1316390400000,2011-09-19,96.0
1316476800000,2011-09-20,83.0
1316563200000,2011-09-21,98.0
1316649600000,2011-09-22,100.0
1316736000000,2011-09-23,100.0
1316822400000,2011-09-24,100.0
1316908800000,2011-09-25,98.0
1316995200000,2011-09-26,100.0
1317081600000,2011-09-27,100.0
1317168000000,2011-09-28,100.0
1317254400000,2011-09-29,100.0
1317340800000,2011-09-30,100.0
1317427200000,2011-10-01,100.0
1317600000000,2011-10-03,97.0
1317772800000,2011-10-05,100.0
1317859200000,2011-10-06,100.0
1317945600000,2011-10-07,100.0
1318032000000,2011-10-08,96.0
1318118400000,2011-10-09,100.0
1318204800000,2011-10-10,100.0
1318291200000,2011-10-11,100.0
1318377600000,2011-10-12,100.0
1318464000000,2011-10-13,100.0
1318550400000,2011-10-14,100.0
1318636800000,2011-10-15,91.0
1318723200000,2011-10-16,100.0
1318809600000,2011-10-17,100.0
1318896000000,2011-10-18,100.0
1319068800000,2011-10-20,100.0
1319155200000,2011-10-21,100.0
1319241600000,2011-10-22,100.0
1319328000000,2011-10-23,100.0
1319414400000,2011-10-24,100.0
1319500800000,2011-10-25,100.0
1319587200000,2011-10-26,100.0
1319673600000,2011-10-27,91.0
1319846400000,2011-10-29,100.0
1319932800000,2011-10-30,100.0
1320019200000,2011-10-31,100.0
1320105600000,2011-11-01,100.0
1320192000000,2011-11-02,100.0
1328745600000,2012-02-09,97.0
1328832000000,2012-02-10,100.0
1328918400000,2012-02-11,100.0
1329004800000,2012-02-12,100.0
1329091200000,2012-02-13,100.0
1329177600000,2012-02-14,100.0
1329264000000,2012-02-15,100.0
1329350400000,2012-02-16,100.0
1329436800000,2012-02-17,100.0
1329523200000,2012-02-18,100.0
1329609600000,2012-02-19,100.0
1329696000000,2012-02-20,100.0
1329782400000,2012-02-21,100.0
1329868800000,2012-02-22,100.0
1329955200000,2012-02-23,100.0
1330041600000,2012-02-24,100.0
1330128000000,2012-02-25,78.0
1330214400000,2012-02-26,100.0
1330300800000,2012-02-27,100.0
1330387200000,2012-02-28,100.0
1330473600000,2012-02-29,100.0
1330560000000,2012-03-01,100.0
1330646400000,2012-03-02,100.0
1330732800000,2012-03-03,100.0
1330819200000,2012-03-04,100.0
1330905600000,2012-03-05,100.0
1330992000000,2012-03-06,98.0
1331164800000,2012-03-08,100.0
1331251200000,2012-03-09,100.0
1331337600000,2012-03-10,96.0
1331424000000,2012-03-11,100.0
1331510400000,2012-03-12,100.0
1331596800000,2012-03-13,75.0
1331683200000,2012-03-14,100.0
1331769600000,2012-03-15,100.0
1331856000000,2012-03-16,100.0
1331942400000,2012-03-17,98.0
1332028800000,2012-03-18,100.0
1332115200000,2012-03-19,97.0
1332288000000,2012-03-21,95.0
1332374400000,2012-03-22,100.0
1332460800000,2012-03-23,100.0
1332547200000,2012-03-24,91.0
1332720000000,2012-03-26,100.0
1332806400000,2012-03-27,100.0
1332892800000,2012-03-28,93.0
1332979200000,2012-03-29,78.0
1333065600000,2012-03-30,92.0
1333152000000,2012-03-31,99.0
1333324800000,2012-04-02,87.0
1333411200000,2012-04-03,95.0
1333584000000,2012-04-05,86.0
1333670400000,2012-04-06,90.0
1333756800000,2012-04-07,91.0
1333843200000,2012-04-08,92.0
1333929600000,2012-04-09,87.0
1334016000000,2012-04-10,92.0
1334102400000,2012-04-11,99.0
1334188800000,2012-04-12,97.0
1334275200000,2012-04-13,90.0
1334361600000,2012-04-14,94.0
1334448000000,2012-04-15,91.0
1334534400000,2012-04-16,84.0
1334620800000,2012-04-17,90.0
1334707200000,2012-04-18,84.0
1334793600000,2012-04-19,91.0
1334880000000,2012-04-20,84.0
1334966400000,2012-04-21,92.0
1335052800000,2012-04-22,88.0
1335139200000,2012-04-23,92.0
1335225600000,2012-04-24,91.0
1335312000000,2012-04-25,86.0
1335398400000,2012-04-26,96.0
1335484800000,2012-04-27,83.0
1335571200000,2012-04-28,89.0
1335744000000,2012-04-30,89.0
1335830400000,2012-05-01,90.0
1335916800000,2012-05-02,89.0
1336003200000,2012-05-03,86.0
1336089600000,2012-05-04,83.0
1336176000000,2012-05-05,81.0
1336262400000,2012-05-06,83.0
1336348800000,2012-05-07,87.0
1336435200000,2012-05-08,84.0
1336521600000,2012-05-09,86.0
1336608000000,2012-05-10,84.0
1336694400000,2012-05-11,83.0
1336780800000,2012-05-12,85.0
1336867200000,2012-05-13,82.0
1336953600000,2012-05-14,84.0
1337040000000,2012-05-15,88.0
1337126400000,2012-05-16,85.0
1337212800000,2012-05-17,85.0
1337299200000,2012-05-18,87.0
1337385600000,2012-05-19,90.0
1337472000000,2012-05-20,77.0
1337558400000,2012-05-21,84.0
1337644800000,2012-05-22,81.0
1337731200000,2012-05-23,83.0
1337817600000,2012-05-24,83.0
1337904000000,2012-05-25,93.0
1337990400000,2012-05-26,85.0
1338163200000,2012-05-28,84.0
1338249600000,2012-05-29,80.0
1338336000000,2012-05-30,83.0
1338422400000,2012-05-31,80.0
1338508800000,2012-06-01,83.0
1338595200000,2012-06-02,81.0
1338681600000,2012-06-03,84.0
1338768000000,2012-06-04,86.0
1338854400000,2012-06-05,79.0
1338940800000,2012-06-06,100.0
1339027200000,2012-06-07,62.0
1339113600000,2012-06-08,80.0
1339200000000,2012-06-09,81.0
1339286400000,2012-06-10,83.0
1339372800000,2012-06-11,81.0
1339459200000,2012-06-12,79.0
1339545600000,2012-06-13,81.0
1339632000000,2012-06-14,79.0
1339891200000,2012-06-17,81.0
1339977600000,2012-06-18,80.0
1340064000000,2012-06-19,81.0
1340150400000,2012-06-20,75.0
1340236800000,2012-06-21,78.0
1340323200000,2012-06-22,78.0
1340409600000,2012-06-23,77.0
1340496000000,2012-06-24,79.0
1340582400000,2012-06-25,81.0
1340841600000,2012-06-28,75.0
1341014400000,2012-06-30,72.0
1341100800000,2012-07-01,79.0
1341360000000,2012-07-04,80.0
1341446400000,2012-07-05,78.0
1341619200000,2012-07-07,74.0
1341705600000,2012-07-08,80.0
1341792000000,2012-07-09,82.0
1341878400000,2012-07-10,90.0
1341964800000,2012-07-11,79.0
1342051200000,2012-07-12,84.0
1342137600000,2012-07-13,75.0
1342224000000,2012-07-14,73.0
1342310400000,2012-07-15,75.0
1342396800000,2012-07-16,73.0
1342483200000,2012-07-17,77.0
1342569600000,2012-07-18,75.0
1343088000000,2012-07-24,82.0
1343174400000,2012-07-25,79.0
1343260800000,2012-07-26,82.0
1343347200000,2012-07-27,81.0
1343433600000,2012-07-28,81.0
1343865600000,2012-08-02,79.0
1343952000000,2012-08-03,77.0
1344038400000,2012-08-04,81.0
1344124800000,2012-08-05,79.0
1344211200000,2012-08-06,81.0
1344384000000,2012-08-08,65.0
1344470400000,2012-08-09,98.0
1344643200000,2012-08-11,87.0
1344729600000,2012-08-12,85.0
1344902400000,2012-08-14,86.0
1344988800000,2012-08-15,81.0
1345075200000,2012-08-16,88.0
1345161600000,2012-08-17,84.0
1345248000000,2012-08-18,88.0
1345334400000,2012-08-19,85.0
1345420800000,2012-08-20,88.0
1345507200000,2012-08-21,85.0
1345593600000,2012-08-22,89.0
1345852800000,2012-08-25,88.0
1345939200000,2012-08-26,82.0
1346025600000,2012-08-27,90.0
1346112000000,2012-08-28,86.0
1346198400000,2012-08-29,91.0
1346284800000,2012-08-30,87.0
1346457600000,2012-09-01,91.0
1346544000000,2012-09-02,85.0
1346630400000,2012-09-03,91.0
1346716800000,2012-09-04,87.0
1346803200000,2012-09-05,93.0
1346889600000,2012-09-06,84.0
1346976000000,2012-09-07,87.0
1347062400000,2012-09-08,91.0
1347148800000,2012-09-09,88.0
1347235200000,2012-09-10,95.0
1347321600000,2012-09-11,86.0
1347408000000,2012-09-12,97.0
1347753600000,2012-09-16,91.0
1347840000000,2012-09-17,97.0
1347926400000,2012-09-18,94.0
1348012800000,2012-09-19,100.0
1348272000000,2012-09-22,99.0
1348358400000,2012-09-23,100.0
1348444800000,2012-09-24,100.0
1348531200000,2012-09-25,87.0
1348617600000,2012-09-26,100.0
1348704000000,2012-09-27,100.0
1348790400000,2012-09-28,100.0
1348876800000,2012-09-29,94.0
1348963200000,2012-09-30,100.0
1349049600000,2012-10-01,100.0
1349136000000,2012-10-02,100.0
1349222400000,2012-10-03,99.0
1349308800000,2012-10-04,99.0
1349481600000,2012-10-06,100.0
1349568000000,2012-10-07,100.0
1349654400000,2012-10-08,100.0
1349740800000,2012-10-09,100.0
1349827200000,2012-10-10,99.0
1349913600000,2012-10-11,100.0
1350000000000,2012-10-12,73.0
1350086400000,2012-10-13,95.0
1350172800000,2012-10-14,100.0
1350259200000,2012-10-15,100.0
1350345600000,2012-10-16,100.0
1350432000000,2012-10-17,100.0
1350518400000,2012-10-18,90.0
1350604800000,2012-10-19,100.0
1350691200000,2012-10-20,100.0
1350777600000,2012-10-21,100.0
1350864000000,2012-10-22,100.0
1350950400000,2012-10-23,100.0
1351036800000,2012-10-24,100.0
1351296000000,2012-10-27,100.0
1351382400000,2012-10-28,100.0
1351468800000,2012-10-29,100.0
1351555200000,2012-10-30,100.0
1351641600000,2012-10-31,100.0
1351814400000,2012-11-02,100.0
1351900800000,2012-11-03,100.0
1351987200000,2012-11-04,100.0
1360540800000,2013-02-11,100.0
1360713600000,2013-02-13,100.0
1360886400000,2013-02-15,100.0
1360972800000,2013-02-16,100.0
1361059200000,2013-02-17,100.0
1361232000000,2013-02-19,100.0
1361318400000,2013-02-20,100.0
1361491200000,2013-02-22,100.0
1361664000000,2013-02-24,100.0
1361750400000,2013-02-25,100.0
1361923200000,2013-02-27,100.0
1362009600000,2013-02-28,100.0
1362096000000,2013-03-01,100.0
1362182400000,2013-03-02,100.0
1362268800000,2013-03-03,100.0
1362355200000,2013-03-04,100.0
1362441600000,2013-03-05,100.0
1362528000000,2013-03-06,100.0
1362614400000,2013-03-07,100.0
1362700800000,2013-03-08,99.0
1362873600000,2013-03-10,94.0
1363046400000,2013-03-12,100.0
1363219200000,2013-03-14,100.0
1363305600000,2013-03-15,100.0
1363392000000,2013-03-16,100.0
1363478400000,2013-03-17,100.0
1363564800000,2013-03-18,100.0
1363651200000,2013-03-19,100.0
1363737600000,2013-03-20,97.0
1363910400000,2013-03-22,97.0
1363996800000,2013-03-23,98.0
1364083200000,2013-03-24,97.0
1364169600000,2013-03-25,100.0
1364256000000,2013-03-26,98.0
1364342400000,2013-03-27,94.0
1364428800000,2013-03-28,99.0
1364515200000,2013-03-29,94.0
1364601600000,2013-03-30,100.0
1364688000000,2013-03-31,93.0
1364774400000,2013-04-01,100.0
1364860800000,2013-04-02,93.0
1364947200000,2013-04-03,99.0
1365033600000,2013-04-04,95.0
1365120000000,2013-04-05,89.0
1365206400000,2013-04-06,96.0
1365292800000,2013-04-07,89.0
1365379200000,2013-04-08,97.0
1365465600000,2013-04-09,91.0
1365552000000,2013-04-10,93.0
1365638400000,2013-04-11,91.0
1365724800000,2013-04-12,88.0
1365811200000,2013-04-13,93.0
1365897600000,2013-04-14,88.0
1365984000000,2013-04-15,93.0
1366070400000,2013-04-16,88.0
1366156800000,2013-04-17,94.0
1366243200000,2013-04-18,90.0
1366329600000,2013-04-19,93.0
1366416000000,2013-04-20,93.0
1366502400000,2013-04-21,79.0
1366588800000,2013-04-22,89.0
1366675200000,2013-04-23,92.0
1366761600000,2013-04-24,89.0
1366848000000,2013-04-25,87.0
1366934400000,2013-04-26,100.0
1367020800000,2013-04-27,98.0
1367107200000,2013-04-28,84.0
1367193600000,2013-04-29,88.0
1367366400000,2013-05-01,89.0
1367539200000,2013-05-03,85.0
1367625600000,2013-05-04,90.0
1367712000000,2013-05-05,89.0
1367798400000,2013-05-06,87.0
1367884800000,2013-05-07,83.0
1367971200000,2013-05-08,88.0
1368057600000,2013-05-09,72.0
1368144000000,2013-05-10,85.0
1368230400000,2013-05-11,82.0
1368403200000,2013-05-13,83.0
1368489600000,2013-05-14,85.0
1368576000000,2013-05-15,82.0
1368662400000,2013-05-16,81.0
1368748800000,2013-05-17,85.0
1368835200000,2013-05-18,88.0
1368921600000,2013-05-19,85.0
1369008000000,2013-05-20,87.0
1369094400000,2013-05-21,82.0
1369180800000,2013-05-22,86.0
1369267200000,2013-05-23,84.0
1369353600000,2013-05-24,86.0
1369440000000,2013-05-25,83.0
1369526400000,2013-05-26,86.0
1369612800000,2013-05-27,84.0
1369699200000,2013-05-28,86.0
1369785600000,2013-05-29,89.0
1369872000000,2013-05-30,85.0
1369958400000,2013-05-31,83.0
1370044800000,2013-06-01,86.0
1370217600000,2013-06-03,86.0
1370304000000,2013-06-04,86.0
1370390400000,2013-06-05,84.0
1370476800000,2013-06-06,82.0
1370563200000,2013-06-07,71.0
1370649600000,2013-06-08,74.0
1370736000000,2013-06-09,70.0
1370822400000,2013-06-10,83.0
1370908800000,2013-06-11,82.0
1370995200000,2013-06-12,77.0
1371168000000,2013-06-14,72.0
1371254400000,2013-06-15,80.0
1371340800000,2013-06-16,82.0
1371427200000,2013-06-17,83.0
1371513600000,2013-06-18,84.0
1371600000000,2013-06-19,80.0
1371686400000,2013-06-20,84.0
1371772800000,2013-06-21,82.0
1371859200000,2013-06-22,84.0
1372032000000,2013-06-24,79.0
1372118400000,2013-06-25,81.0
1372204800000,2013-06-26,84.0
1372377600000,2013-06-28,83.0
1372464000000,2013-06-29,84.0
1372550400000,2013-06-30,83.0
1372809600000,2013-07-03,82.0
1373068800000,2013-07-06,82.0
1373155200000,2013-07-07,81.0
1373241600000,2013-07-08,81.0
1373328000000,2013-07-09,83.0
1373414400000,2013-07-10,81.0
1373587200000,2013-07-12,82.0
1373846400000,2013-07-15,88.0
1374019200000,2013-07-17,85.0
1374278400000,2013-07-20,87.0
1374451200000,2013-07-22,85.0
1374537600000,2013-07-23,82.0
1374624000000,2013-07-24,87.0
1374710400000,2013-07-25,83.0
1375142400000,2013-07-30,81.0
1375315200000,2013-08-01,82.0
1375401600000,2013-08-02,81.0
1375488000000,2013-08-03,83.0
1375574400000,2013-08-04,81.0
1375747200000,2013-08-06,75.0
1376006400000,2013-08-09,82.0
1376092800000,2013-08-10,86.0
1376179200000,2013-08-11,81.0
1376265600000,2013-08-12,86.0
1376438400000,2013-08-14,88.0
1376697600000,2013-08-17,68.0
1376784000000,2013-08-18,93.0
1377129600000,2013-08-22,87.0
1377216000000,2013-08-23,90.0
1377475200000,2013-08-26,89.0
1377561600000,2013-08-27,88.0
1377734400000,2013-08-29,91.0
1377820800000,2013-08-30,95.0
1377907200000,2013-08-31,75.0
1377993600000,2013-09-01,94.0
1378080000000,2013-09-02,91.0
1378166400000,2013-09-03,89.0
1378252800000,2013-09-04,91.0
1378339200000,2013-09-05,100.0
1378425600000,2013-09-06,100.0
1378684800000,2013-09-09,93.0
1378771200000,2013-09-10,99.0
1378857600000,2013-09-11,90.0
1378944000000,2013-09-12,92.0
1379203200000,2013-09-15,97.0
1379289600000,2013-09-16,96.0
1379376000000,2013-09-17,90.0
1379462400000,2013-09-18,100.0
1379635200000,2013-09-20,90.0
1379721600000,2013-09-21,97.0
1379808000000,2013-09-22,100.0
1379894400000,2013-09-23,100.0
1379980800000,2013-09-24,100.0
1380067200000,2013-09-25,100.0
1380153600000,2013-09-26,96.0
1380240000000,2013-09-27,100.0
1380326400000,2013-09-28,100.0
1380412800000,2013-09-29,100.0
1380499200000,2013-09-30,100.0
1380585600000,2013-10-01,93.0
1380672000000,2013-10-02,100.0
1380758400000,2013-10-03,100.0
1380844800000,2013-10-04,100.0
1380931200000,2013-10-05,100.0
1381017600000,2013-10-06,100.0
1381190400000,2013-10-08,100.0
1381276800000,2013-10-09,100.0
1381708800000,2013-10-14,100.0
1381795200000,2013-10-15,100.0
1381881600000,2013-10-16,100.0
1382054400000,2013-10-18,100.0
1382140800000,2013-10-19,100.0
1382227200000,2013-10-20,100.0
1382313600000,2013-10-21,100.0
1382400000000,2013-10-22,100.0
1382486400000,2013-10-23,100.0
1382572800000,2013-10-24,100.0
1382659200000,2013-10-25,100.0
1382745600000,2013-10-26,100.0
1382832000000,2013-10-27,100.0
1382918400000,2013-10-28,100.0
1383004800000,2013-10-29,100.0
1383177600000,2013-10-31,100.0
1383264000000,2013-11-01,100.0
1383350400000,2013-11-02,100.0
1383523200000,2013-11-04,100.0
1391817600000,2014-02-08,100.0
1391904000000,2014-02-09,100.0
1392076800000,2014-02-11,100.0
1392422400000,2014-02-15,95.0
1392508800000,2014-02-16,100.0
1392940800000,2014-02-21,100.0
1393027200000,2014-02-22,100.0
1393113600000,2014-02-23,100.0
1393200000000,2014-02-24,100.0
1393545600000,2014-02-28,100.0
1393632000000,2014-03-01,100.0
1393718400000,2014-03-02,100.0
1393804800000,2014-03-03,100.0
1393891200000,2014-03-04,100.0
1394064000000,2014-03-06,100.0
1394236800000,2014-03-08,100.0
1394323200000,2014-03-09,100.0
1394409600000,2014-03-10,100.0
1394496000000,2014-03-11,100.0
1394582400000,2014-03-12,100.0
1394668800000,2014-03-13,100.0
1394755200000,2014-03-14,100.0
1394841600000,2014-03-15,78.0
1394928000000,2014-03-16,99.0
1395014400000,2014-03-17,100.0
1395100800000,2014-03-18,96.0
1395273600000,2014-03-20,100.0
1395360000000,2014-03-21,94.0
1395446400000,2014-03-22,100.0
1395619200000,2014-03-24,94.0
1395705600000,2014-03-25,100.0
1395792000000,2014-03-26,100.0
1395878400000,2014-03-27,100.0
1395964800000,2014-03-28,100.0
1396051200000,2014-03-29,95.0
1396137600000,2014-03-30,89.0
1396224000000,2014-03-31,97.0
1396310400000,2014-04-01,91.0
1396396800000,2014-04-02,100.0
1396483200000,2014-04-03,92.0
1396569600000,2014-04-04,85.0
1396656000000,2014-04-05,94.0
1396828800000,2014-04-07,79.0
1397001600000,2014-04-09,95.0
1397088000000,2014-04-10,89.0
1397174400000,2014-04-11,100.0
1397260800000,2014-04-12,90.0
1397347200000,2014-04-13,94.0
1397433600000,2014-04-14,83.0
1397520000000,2014-04-15,88.0
1397606400000,2014-04-16,92.0
1397692800000,2014-04-17,92.0
1397779200000,2014-04-18,98.0
1397865600000,2014-04-19,93.0
1397952000000,2014-04-20,91.0
1398038400000,2014-04-21,87.0
1398297600000,2014-04-24,88.0
1398384000000,2014-04-25,100.0
1398470400000,2014-04-26,86.0
1398643200000,2014-04-28,81.0
1398729600000,2014-04-29,87.0
1398816000000,2014-04-30,87.0
1398902400000,2014-05-01,85.0
1398988800000,2014-05-02,91.0
1399075200000,2014-05-03,85.0
1399420800000,2014-05-07,89.0
1399507200000,2014-05-08,85.0
1399593600000,2014-05-09,86.0
1399680000000,2014-05-10,82.0
1399766400000,2014-05-11,86.0
1399852800000,2014-05-12,81.0
1399939200000,2014-05-13,87.0
1400025600000,2014-05-14,83.0
1400112000000,2014-05-15,85.0
1400198400000,2014-05-16,81.0
1400284800000,2014-05-17,81.0
1400371200000,2014-05-18,85.0
1400457600000,2014-05-19,81.0
1400544000000,2014-05-20,84.0
1400630400000,2014-05-21,80.0
1400716800000,2014-05-22,85.0
1400803200000,2014-05-23,77.0
1400976000000,2014-05-25,77.0
1401062400000,2014-05-26,84.0
1401148800000,2014-05-27,84.0
1401235200000,2014-05-28,82.0
1401321600000,2014-05-29,86.0
1401408000000,2014-05-30,82.0
1401494400000,2014-05-31,86.0
1401580800000,2014-06-01,83.0
1401667200000,2014-06-02,80.0
1401753600000,2014-06-03,81.0
1401840000000,2014-06-04,81.0
1401926400000,2014-06-05,83.0
1402185600000,2014-06-08,82.0
1402272000000,2014-06-09,85.0
1402358400000,2014-06-10,79.0
1402444800000,2014-06-11,80.0
1402531200000,2014-06-12,82.0
1402617600000,2014-06-13,80.0
1402790400000,2014-06-15,80.0
1402876800000,2014-06-16,83.0
1402963200000,2014-06-17,81.0
1403049600000,2014-06-18,80.0
1403136000000,2014-06-19,79.0
1403222400000,2014-06-20,79.0
1403308800000,2014-06-21,81.0
1403395200000,2014-06-22,79.0
1403481600000,2014-06-23,82.0
1403568000000,2014-06-24,78.0
1403913600000,2014-06-28,83.0
1404000000000,2014-06-29,80.0
1404259200000,2014-07-02,87.0
1404432000000,2014-07-04,80.0
1404518400000,2014-07-05,83.0
1404777600000,2014-07-08,42.0
1404950400000,2014-07-10,82.0
1405036800000,2014-07-11,100.0
1405123200000,2014-07-12,82.0
1405209600000,2014-07-13,80.0
1405296000000,2014-07-14,87.0
1405468800000,2014-07-16,88.0
1405555200000,2014-07-17,83.0
1405728000000,2014-07-19,83.0
1405814400000,2014-07-20,80.0
1405900800000,2014-07-21,82.0
1405987200000,2014-07-22,81.0
1406073600000,2014-07-23,84.0
1406246400000,2014-07-25,84.0
1406332800000,2014-07-26,77.0
1406419200000,2014-07-27,79.0
1406505600000,2014-07-28,81.0
1406592000000,2014-07-29,79.0
1406764800000,2014-07-31,79.0
1406851200000,2014-08-01,85.0
1407283200000,2014-08-06,84.0
1407369600000,2014-08-07,80.0
1407456000000,2014-08-08,85.0
1407542400000,2014-08-09,82.0
1407715200000,2014-08-11,84.0
1407801600000,2014-08-12,80.0
1407888000000,2014-08-13,90.0
1407974400000,2014-08-14,80.0
1408147200000,2014-08-16,87.0
1408233600000,2014-08-17,82.0
1408320000000,2014-08-18,86.0
1408406400000,2014-08-19,91.0
1408492800000,2014-08-20,87.0
1408579200000,2014-08-21,81.0
1408665600000,2014-08-22,88.0
1408752000000,2014-08-23,87.0
1408838400000,2014-08-24,89.0
1409011200000,2014-08-26,91.0
1409097600000,2014-08-27,88.0
1409270400000,2014-08-29,88.0
1409356800000,2014-08-30,100.0
1409443200000,2014-08-31,89.0
1409788800000,2014-09-04,97.0
1409875200000,2014-09-05,82.0
1409961600000,2014-09-06,85.0
1410220800000,2014-09-09,86.0
1410393600000,2014-09-11,100.0
1410480000000,2014-09-12,95.0
1410652800000,2014-09-14,100.0
1410739200000,2014-09-15,93.0
1410825600000,2014-09-16,100.0
1410912000000,2014-09-17,94.0
1410998400000,2014-09-18,87.0
1411084800000,2014-09-19,87.0
1411344000000,2014-09-22,97.0
1411430400000,2014-09-23,100.0
1411516800000,2014-09-24,100.0
1411689600000,2014-09-26,97.0
1411776000000,2014-09-27,100.0
1411862400000,2014-09-28,100.0
1412121600000,2014-10-01,100.0
1412208000000,2014-10-02,100.0
1412294400000,2014-10-03,100.0
1412380800000,2014-10-04,100.0
1412467200000,2014-10-05,100.0
1412640000000,2014-10-07,100.0
1412726400000,2014-10-08,93.0
1412812800000,2014-10-09,100.0
1412899200000,2014-10-10,78.0
1412985600000,2014-10-11,100.0
1413072000000,2014-10-12,100.0
1413158400000,2014-10-13,100.0
1413331200000,2014-10-15,100.0
1413417600000,2014-10-16,100.0
1413504000000,2014-10-17,94.0
1413590400000,2014-10-18,90.0
1413676800000,2014-10-19,100.0
1413763200000,2014-10-20,100.0
1413849600000,2014-10-21,100.0
1413936000000,2014-10-22,68.0
1414022400000,2014-10-23,80.0
1414108800000,2014-10-24,100.0
1414195200000,2014-10-25,100.0
1414368000000,2014-10-27,100.0
1414454400000,2014-10-28,100.0
1414627200000,2014-10-30,100.0
1414713600000,2014-10-31,100.0
1414800000000,2014-11-01,94.0
1414886400000,2014-11-02,100.0
1414972800000,2014-11-03,100.0
1415145600000,2014-11-05,100.0
1423440000000,2015-02-09,100.0
1423526400000,2015-02-10,100.0
1423612800000,2015-02-11,100.0
1423699200000,2015-02-12,100.0
1423872000000,2015-02-14,100.0
1423958400000,2015-02-15,100.0
1424044800000,2015-02-16,100.0
1424131200000,2015-02-17,100.0
1424304000000,2015-02-19,100.0
1424390400000,2015-02-20,100.0
1424476800000,2015-02-21,100.0
1424649600000,2015-02-23,100.0
1425081600000,2015-02-28,100.0
1425168000000,2015-03-01,100.0
1425254400000,2015-03-02,100.0
1425340800000,2015-03-03,100.0
1425513600000,2015-03-05,96.0
1425686400000,2015-03-07,100.0
1425772800000,2015-03-08,100.0
1425859200000,2015-03-09,100.0
1426032000000,2015-03-11,100.0
1426118400000,2015-03-12,93.0
1426291200000,2015-03-14,100.0
1426377600000,2015-03-15,100.0
1426550400000,2015-03-17,93.0
1426636800000,2015-03-18,100.0
1426723200000,2015-03-19,92.0
1426809600000,2015-03-20,100.0
1426896000000,2015-03-21,75.0
1426982400000,2015-03-22,99.0
1427068800000,2015-03-23,98.0
1427241600000,2015-03-25,100.0
1427328000000,2015-03-26,95.0
1427414400000,2015-03-27,100.0
1427500800000,2015-03-28,93.0
1427587200000,2015-03-29,90.0
1427673600000,2015-03-30,96.0
1427760000000,2015-03-31,100.0
1427846400000,2015-04-01,92.0
1427932800000,2015-04-02,71.0
1428019200000,2015-04-03,85.0
1428105600000,2015-04-04,92.0
1428192000000,2015-04-05,87.0
1428278400000,2015-04-06,90.0
1428364800000,2015-04-07,93.0
1428451200000,2015-04-08,94.0
1428537600000,2015-04-09,91.0
1428624000000,2015-04-10,94.0
1428710400000,2015-04-11,90.0
1428796800000,2015-04-12,94.0
1428883200000,2015-04-13,91.0
1428969600000,2015-04-14,92.0
1429056000000,2015-04-15,89.0
1429142400000,2015-04-16,92.0
1429228800000,2015-04-17,96.0
1429315200000,2015-04-18,86.0
1429401600000,2015-04-19,90.0
1429488000000,2015-04-20,95.0
1429574400000,2015-04-21,91.0
1429660800000,2015-04-22,82.0
1429747200000,2015-04-23,90.0
1429833600000,2015-04-24,86.0
1429920000000,2015-04-25,79.0
1430006400000,2015-04-26,90.0
1430092800000,2015-04-27,85.0
1430179200000,2015-04-28,88.0
1430265600000,2015-04-29,86.0
1430352000000,2015-04-30,89.0
1430438400000,2015-05-01,84.0
1430524800000,2015-05-02,85.0
1430611200000,2015-05-03,86.0
1430697600000,2015-05-04,82.0
1430784000000,2015-05-05,87.0
1430870400000,2015-05-06,81.0
1430956800000,2015-05-07,86.0
1431043200000,2015-05-08,84.0
1431129600000,2015-05-09,88.0
1431216000000,2015-05-10,85.0
1431302400000,2015-05-11,87.0
1431388800000,2015-05-12,85.0
1431475200000,2015-05-13,83.0
1431648000000,2015-05-15,79.0
1431820800000,2015-05-17,83.0
1431907200000,2015-05-18,88.0
1431993600000,2015-05-19,89.0
1432080000000,2015-05-20,86.0
1432166400000,2015-05-21,86.0
1432252800000,2015-05-22,71.0
1432339200000,2015-05-23,84.0
1432512000000,2015-05-25,86.0
1432857600000,2015-05-29,73.0
1433030400000,2015-05-31,79.0
1433116800000,2015-06-01,85.0
1433203200000,2015-06-02,82.0
1433376000000,2015-06-04,83.0
1433462400000,2015-06-05,80.0
1433548800000,2015-06-06,83.0
1433635200000,2015-06-07,77.0
1433721600000,2015-06-08,85.0
1433894400000,2015-06-10,82.0
1433980800000,2015-06-11,82.0
1434153600000,2015-06-13,83.0
1434240000000,2015-06-14,83.0
1434326400000,2015-06-15,84.0
1434499200000,2015-06-17,84.0
1434585600000,2015-06-18,82.0
1434672000000,2015-06-19,84.0
1434758400000,2015-06-20,81.0
1434844800000,2015-06-21,79.0
1434931200000,2015-06-22,80.0
1435017600000,2015-06-23,78.0
1435104000000,2015-06-24,81.0
1435190400000,2015-06-25,79.0
1435276800000,2015-06-26,81.0
1435363200000,2015-06-27,78.0
1435449600000,2015-06-28,78.0
1435536000000,2015-06-29,79.0
1435622400000,2015-06-30,78.0
1435708800000,2015-07-01,79.0
1435795200000,2015-07-02,77.0
1435968000000,2015-07-04,81.0
1436054400000,2015-07-05,83.0
1436140800000,2015-07-06,79.0
1436227200000,2015-07-07,76.0
1437004800000,2015-07-16,79.0
1437177600000,2015-07-18,80.0
1437264000000,2015-07-19,84.0
1437436800000,2015-07-21,86.0
1437523200000,2015-07-22,82.0
1437609600000,2015-07-23,79.0
1437782400000,2015-07-25,80.0
1437868800000,2015-07-26,84.0
1437955200000,2015-07-27,80.0
1438128000000,2015-07-29,81.0
1438473600000,2015-08-02,89.0
1438560000000,2015-08-03,82.0
1438646400000,2015-08-04,92.0
1438819200000,2015-08-06,88.0
1438992000000,2015-08-08,81.0
1439078400000,2015-08-09,84.0
1439164800000,2015-08-10,82.0
1439337600000,2015-08-12,82.0
1439424000000,2015-08-13,100.0
1439510400000,2015-08-14,95.0
1439596800000,2015-08-15,93.0
1439683200000,2015-08-16,73.0
1439769600000,2015-08-17,89.0
1439856000000,2015-08-18,87.0
1439942400000,2015-08-19,83.0
1440028800000,2015-08-20,88.0
1440547200000,2015-08-26,88.0
1440633600000,2015-08-27,89.0
1440720000000,2015-08-28,89.0
1440806400000,2015-08-29,94.0
1441065600000,2015-09-01,86.0
1441152000000,2015-09-02,93.0
1441238400000,2015-09-03,93.0
1441324800000,2015-09-04,91.0
1441411200000,2015-09-05,82.0
1441497600000,2015-09-06,87.0
1441584000000,2015-09-07,89.0
1441670400000,2015-09-08,100.0
1441929600000,2015-09-11,92.0
1442016000000,2015-09-12,99.0
1442188800000,2015-09-14,100.0
1442275200000,2015-09-15,96.0
1442448000000,2015-09-17,85.0
1442620800000,2015-09-19,91.0
1442707200000,2015-09-20,100.0
1442880000000,2015-09-22,90.0
1442966400000,2015-09-23,97.0
1443312000000,2015-09-27,100.0
1443398400000,2015-09-28,100.0
1443484800000,2015-09-29,98.0
1443571200000,2015-09-30,100.0
1443657600000,2015-10-01,100.0
1443744000000,2015-10-02,100.0
1443830400000,2015-10-03,100.0
1444003200000,2015-10-05,100.0
1444089600000,2015-10-06,100.0
1444262400000,2015-10-08,100.0
1444435200000,2015-10-10,100.0
1444521600000,2015-10-11,94.0
1444694400000,2015-10-13,100.0
1444780800000,2015-10-14,100.0
1445040000000,2015-10-17,100.0
1445126400000,2015-10-18,100.0
1445212800000,2015-10-19,100.0
1445299200000,2015-10-20,100.0
1445385600000,2015-10-21,100.0
1445472000000,2015-10-22,100.0
1445558400000,2015-10-23,100.0
1445644800000,2015-10-24,100.0
1445731200000,2015-10-25,100.0
1445817600000,2015-10-26,100.0
1446076800000,2015-10-29,100.0
1446249600000,2015-10-31,100.0
1446336000000,2015-11-01,100.0
1446422400000,2015-11-02,100.0
1446508800000,2015-11-03,96.0
1454716800000,2016-02-06,93.0
1455148800000,2016-02-11,100.0
1455235200000,2016-02-12,100.0
1455321600000,2016-02-13,100.0
1455408000000,2016-02-14,100.0
1455667200000,2016-02-17,100.0
1455753600000,2016-02-18,100.0
1456704000000,2016-02-29,100.0
1456790400000,2016-03-01,86.0
1456876800000,2016-03-02,100.0
1457049600000,2016-03-04,100.0
1457136000000,2016-03-05,77.0
1457222400000,2016-03-06,100.0
1457308800000,2016-03-07,100.0
1457481600000,2016-03-09,100.0
1457568000000,2016-03-10,100.0
1457654400000,2016-03-11,100.0
1457740800000,2016-03-12,98.0
1457827200000,2016-03-13,87.0
1457913600000,2016-03-14,100.0
1458000000000,2016-03-15,100.0
1458259200000,2016-03-18,100.0
1458345600000,2016-03-19,92.0
1458432000000,2016-03-20,100.0
1458518400000,2016-03-21,89.0
1458604800000,2016-03-22,100.0
1458864000000,2016-03-25,94.0
1458950400000,2016-03-26,100.0
1459036800000,2016-03-27,96.0
1459123200000,2016-03-28,91.0
1459209600000,2016-03-29,97.0
1459296000000,2016-03-30,92.0
1459382400000,2016-03-31,96.0
1459728000000,2016-04-04,88.0
1459814400000,2016-04-05,95.0
1459900800000,2016-04-06,90.0
1459987200000,2016-04-07,70.0
1460073600000,2016-04-08,91.0
1460160000000,2016-04-09,96.0
1460246400000,2016-04-10,83.0
1460332800000,2016-04-11,95.0
1460419200000,2016-04-12,90.0
1460505600000,2016-04-13,87.0
1460678400000,2016-04-15,86.0
1460764800000,2016-04-16,93.0
1460851200000,2016-04-17,88.0
1460937600000,2016-04-18,99.0
1461024000000,2016-04-19,90.0
1461110400000,2016-04-20,85.0
1461196800000,2016-04-21,90.0
1461369600000,2016-04-23,90.0
1461456000000,2016-04-24,86.0
1461542400000,2016-04-25,82.0
1461628800000,2016-04-26,85.0
1461715200000,2016-04-27,90.0
1461801600000,2016-04-28,89.0
1461888000000,2016-04-29,73.0
1461974400000,2016-04-30,85.0
1462060800000,2016-05-01,82.0
1462233600000,2016-05-03,86.0
1462320000000,2016-05-04,89.0
1462406400000,2016-05-05,94.0
1462492800000,2016-05-06,84.0
1462579200000,2016-05-07,87.0
1462665600000,2016-05-08,86.0
1462752000000,2016-05-09,85.0
1462838400000,2016-05-10,83.0
1462924800000,2016-05-11,87.0
1463011200000,2016-05-12,84.0
1463097600000,2016-05-13,88.0
1463184000000,2016-05-14,84.0
1463356800000,2016-05-16,84.0
1463443200000,2016-05-17,81.0
1463616000000,2016-05-19,81.0
1463702400000,2016-05-20,84.0
1463788800000,2016-05-21,87.0
1463875200000,2016-05-22,83.0
1463961600000,2016-05-23,82.0
1464134400000,2016-05-25,88.0
1464220800000,2016-05-26,82.0
1464393600000,2016-05-28,83.0
1464480000000,2016-05-29,85.0
1464652800000,2016-05-31,84.0
1464739200000,2016-06-01,84.0
1464825600000,2016-06-02,83.0
1464912000000,2016-06-03,87.0
1465084800000,2016-06-05,85.0
1465171200000,2016-06-06,83.0
1465257600000,2016-06-07,80.0
1465344000000,2016-06-08,81.0
1465430400000,2016-06-09,80.0
1465689600000,2016-06-12,85.0
1465776000000,2016-06-13,82.0
1465862400000,2016-06-14,83.0
1466121600000,2016-06-17,82.0
1466294400000,2016-06-19,83.0
1466380800000,2016-06-20,81.0
1466467200000,2016-06-21,89.0
1466553600000,2016-06-22,84.0
1466640000000,2016-06-23,80.0
1466812800000,2016-06-25,80.0
1466985600000,2016-06-27,81.0
1467072000000,2016-06-28,83.0
1467244800000,2016-06-30,84.0
1467331200000,2016-07-01,72.0
1467504000000,2016-07-03,82.0
1467590400000,2016-07-04,80.0
1467676800000,2016-07-05,83.0
1467936000000,2016-07-08,80.0
1468022400000,2016-07-09,96.0
1468281600000,2016-07-12,87.0
1468368000000,2016-07-13,82.0
1468540800000,2016-07-15,87.0
1468627200000,2016-07-16,82.0
1468713600000,2016-07-17,86.0
1468800000000,2016-07-18,83.0
1468886400000,2016-07-19,84.0
1468972800000,2016-07-20,79.0
1469059200000,2016-07-21,85.0
1469145600000,2016-07-22,80.0
1469232000000,2016-07-23,85.0
1469318400000,2016-07-24,52.0
1469404800000,2016-07-25,80.0
1469491200000,2016-07-26,83.0
1469577600000,2016-07-27,79.0
1469664000000,2016-07-28,82.0
1469750400000,2016-07-29,81.0
1469923200000,2016-07-31,84.0
1470009600000,2016-08-01,86.0
1470096000000,2016-08-02,84.0
1470182400000,2016-08-03,80.0
1470268800000,2016-08-04,83.0
1470355200000,2016-08-05,83.0
1470441600000,2016-08-06,86.0
1470960000000,2016-08-12,79.0
1471046400000,2016-08-13,87.0
1471132800000,2016-08-14,82.0
1471219200000,2016-08-15,77.0
1471392000000,2016-08-17,80.0
1471478400000,2016-08-18,87.0
1471564800000,2016-08-19,83.0
1471651200000,2016-08-20,89.0
1471737600000,2016-08-21,93.0
1471824000000,2016-08-22,89.0
1471910400000,2016-08-23,85.0
1471996800000,2016-08-24,96.0
1472256000000,2016-08-27,90.0
1472342400000,2016-08-28,88.0
1472428800000,2016-08-29,100.0
1472515200000,2016-08-30,88.0
1472774400000,2016-09-02,84.0
1472947200000,2016-09-04,90.0
1473033600000,2016-09-05,93.0
1473120000000,2016-09-06,91.0
1473465600000,2016-09-10,66.0
1473724800000,2016-09-13,90.0
1473811200000,2016-09-14,85.0
1473984000000,2016-09-16,100.0
1474070400000,2016-09-17,95.0
1474156800000,2016-09-18,100.0
1474243200000,2016-09-19,96.0
1474329600000,2016-09-20,94.0
1474416000000,2016-09-21,100.0
1474502400000,2016-09-22,94.0
1474761600000,2016-09-25,100.0
1474848000000,2016-09-26,100.0
1474934400000,2016-09-27,98.0
1475020800000,2016-09-28,100.0
1475107200000,2016-09-29,100.0
1475193600000,2016-09-30,100.0
1475280000000,2016-10-01,91.0
1475366400000,2016-10-02,100.0
1475452800000,2016-10-03,100.0
1475625600000,2016-10-05,63.0
1475712000000,2016-10-06,64.0
1475798400000,2016-10-07,100.0
1475884800000,2016-10-08,89.0
1476057600000,2016-10-10,100.0
1476144000000,2016-10-11,98.0
1476230400000,2016-10-12,100.0
1476403200000,2016-10-14,98.0
1476576000000,2016-10-16,100.0
1476748800000,2016-10-18,100.0
1477180800000,2016-10-23,100.0
1477267200000,2016-10-24,100.0
1477440000000,2016-10-26,100.0
1477526400000,2016-10-27,100.0
1477612800000,2016-10-28,100.0
1477785600000,2016-10-30,79.0
1477958400000,2016-11-01,100.0
1478217600000,2016-11-04,99.0
1487030400000,2017-02-14,100.0
1487116800000,2017-02-15,100.0
1487203200000,2017-02-16,100.0
1487376000000,2017-02-18,100.0
1487462400000,2017-02-19,100.0
1487548800000,2017-02-20,100.0
1487635200000,2017-02-21,100.0
1487808000000,2017-02-23,100.0
1487894400000,2017-02-24,100.0
1488153600000,2017-02-27,92.0
1488240000000,2017-02-28,100.0
1488326400000,2017-03-01,100.0
1488412800000,2017-03-02,98.0
1488499200000,2017-03-03,100.0
1488585600000,2017-03-04,100.0
1488672000000,2017-03-05,100.0
1488758400000,2017-03-06,100.0
1488844800000,2017-03-07,100.0
1489017600000,2017-03-09,100.0
1489104000000,2017-03-10,100.0
1489190400000,2017-03-11,77.0
